customer_id,country,customer_type
C001,Germany,Individual
C002,Netherlands,Individual
C003,France,Individual
C004,Germany,Individual
C005,Denmark,Business
C006,Germany,Individual
C007,Germany,Individual
C008,France,Individual
C009,Denmark,Individual
C010,Denmark,Business
C011,France,Business
C012,Denmark,Business
C013,Germany,Individual
C014,Sweden,Business
C015,Netherlands,Individual
C016,France,Business
C017,Germany,Individual
C018,Sweden,Individual
C019,Netherlands,Business
C020,Denmark,Business
C021,Germany,Business
C022,Denmark,Individual
C023,Sweden,Individual
C024,Denmark,Business
C025,Denmark,Business
C026,Denmark,Individual
C027,Germany,Individual
C028,France,Business
C029,Germany,Individual
C030,Germany,Business
C031,Netherlands,Business
C032,Netherlands,Individual
C033,Netherlands,Business
C034,France,Business
C035,Germany,Individual
C036,Denmark,Individual
C037,France,Business
C038,Sweden,Business
C039,Denmark,Individual
C040,Netherlands,Individual
C041,France,Individual
C042,Netherlands,Business
C043,Netherlands,Individual
C044,France,Business
C045,France,Business
C046,Sweden,Business
C047,France,Business
C048,France,Individual
C049,Denmark,Business
C050,Denmark,Business
C051,Denmark,Business
C052,Netherlands,Individual
C053,France,Business
C054,Germany,Individual
C055,Germany,Individual
C056,France,Business
C057,Denmark,Individual
C058,Sweden,Business
C059,Denmark,Business
C060,Denmark,Business
C061,Denmark,Individual
C062,Germany,Business
C063,Netherlands,Individual
C064,Netherlands,Business
C065,France,Business
C066,Germany,Business
C067,Denmark,Individual
C068,Denmark,Individual
C069,Netherlands,Individual
C070,France,Business
C071,France,Individual
C072,Denmark,Business
C073,Sweden,Individual
C074,Germany,Business
C075,Netherlands,Individual
C076,Germany,Individual
C077,Denmark,Individual
C078,Germany,Business
C079,Germany,Individual
C080,France,Business
C081,Denmark,Individual
C082,Netherlands,Business
C083,France,Individual
C084,Netherlands,Business
C085,Netherlands,Business
C086,Denmark,Business
C087,Germany,Individual
C088,France,Individual
C089,Netherlands,Individual
C090,Denmark,Individual
C091,Denmark,Individual
C092,Germany,Individual
C093,Germany,Individual
C094,Germany,Individual
C095,Netherlands,Individual
C096,Denmark,Individual
C097,Netherlands,Business
C098,France,Individual
C099,Denmark,Business
C100,France,Business
C101,Sweden,Individual
C102,Germany,Individual
C103,Sweden,Business
C104,Sweden,Business
C105,Sweden,Individual
C106,Germany,Individual
C107,Sweden,Business
C108,Germany,Individual
C109,France,Individual
C110,Denmark,Business
C111,France,Business
C112,France,Business
C113,Sweden,Individual
C114,Germany,Business
C115,Denmark,Individual
C116,Germany,Individual
C117,Germany,Individual
C118,France,Business
C119,Sweden,Business
C120,France,Business
C121,Germany,Individual
C122,Sweden,Individual
C123,Sweden,Business
C124,Sweden,Business
C125,Sweden,Business
C126,France,Individual
C127,Netherlands,Individual
C128,Germany,Individual
C129,Netherlands,Individual
C130,Germany,Business
C131,Denmark,Individual
C132,Germany,Individual
C133,France,Individual
C134,Denmark,Individual
C135,France,Business
C136,Germany,Individual
C137,Denmark,Individual
C138,Denmark,Individual
C139,Sweden,Business
C140,Netherlands,Individual
C141,Netherlands,Individual
C142,Netherlands,Business
C143,France,Business
C144,Sweden,Business
C145,Germany,Individual
C146,Sweden,Individual
C147,Germany,Individual
C148,Denmark,Business
C149,France,Business
C150,Germany,Individual
C151,Netherlands,Business
C152,France,Business
C153,Denmark,Business
C154,Denmark,Individual
C155,Denmark,Business
C156,Germany,Individual
C157,Netherlands,Individual
C158,Germany,Individual
C159,Netherlands,Business
C160,Denmark,Individual
C161,Netherlands,Individual
C162,Netherlands,Business
C163,Netherlands,Individual
C164,Germany,Business
C165,Netherlands,Individual
C166,Germany,Business
C167,France,Business
C168,France,Business
C169,Denmark,Business
C170,Denmark,Individual
C171,Germany,Individual
C172,France,Individual
C173,Netherlands,Individual
C174,Sweden,Individual
C175,Germany,Business
C176,Netherlands,Individual
C177,Netherlands,Individual
C178,France,Individual
C179,Netherlands,Business
C180,Denmark,Individual
C181,France,Individual
C182,France,Business
C183,Germany,Individual
C184,Netherlands,Business
C185,France,Business
C186,France,Individual
C187,Sweden,Individual
C188,Sweden,Individual
C189,France,Business
C190,Netherlands,Business
C191,France,Individual
C192,Germany,Individual
C193,Sweden,Business
C194,Netherlands,Individual
C195,Netherlands,Business
C196,Denmark,Business
C197,Denmark,Business
C198,Germany,Individual
C199,Netherlands,Individual
C200,Denmark,Business
C201,Germany,Individual
C202,Denmark,Business
C203,Netherlands,Business
C204,Sweden,Individual
C205,Sweden,Individual
C206,Netherlands,Individual
C207,Sweden,Individual
C208,Denmark,Individual
C209,Netherlands,Business
C210,Germany,Business
C211,Denmark,Business
C212,Germany,Business
C213,Denmark,Business
C214,Sweden,Business
C215,Sweden,Business
C216,Denmark,Individual
C217,France,Business
C218,Sweden,Individual
C219,Denmark,Business
C220,Sweden,Individual
C221,Netherlands,Business
C222,France,Business
C223,Denmark,Business
C224,Sweden,Business
C225,Sweden,Individual
C226,Denmark,Business
C227,France,Individual
C228,Netherlands,Business
C229,Germany,Individual
C230,Netherlands,Individual
C231,France,Individual
C232,Germany,Individual
C233,France,Business
C234,Denmark,Individual
C235,Sweden,Business
C236,Denmark,Individual
C237,Sweden,Business
C238,Sweden,Individual
C239,France,Individual
C240,Germany,Business
C241,France,Individual
C242,Denmark,Business
C243,Germany,Individual
C244,Germany,Business
C245,France,Business
C246,Denmark,Business
C247,Sweden,Business
C248,Denmark,Business
C249,France,Business
C250,Sweden,Business
C251,France,Business
C252,Denmark,Business
C253,France,Business
C254,Sweden,Individual
C255,Netherlands,Individual
C256,Netherlands,Business
C257,Netherlands,Individual
C258,France,Individual
C259,France,Business
C260,France,Individual
C261,Germany,Business
C262,Sweden,Business
C263,Denmark,Business
C264,Sweden,Individual
C265,France,Business
C266,Sweden,Individual
C267,Denmark,Business
C268,Sweden,Individual
C269,Netherlands,Business
C270,Sweden,Business
C271,Denmark,Individual
C272,Sweden,Individual
C273,Netherlands,Business
C274,Sweden,Individual
C275,Sweden,Business
C276,Sweden,Individual
C277,Sweden,Individual
C278,Denmark,Individual
C279,Sweden,Individual
C280,Germany,Business
C281,France,Business
C282,France,Individual
C283,Netherlands,Business
C284,Netherlands,Individual
C285,Sweden,Business
C286,Netherlands,Business
C287,Netherlands,Business
C288,Netherlands,Individual
C289,Sweden,Individual
C290,Denmark,Individual
C291,Netherlands,Individual
C292,Germany,Individual
C293,Germany,Individual
C294,France,Individual
C295,Denmark,Individual
C296,France,Individual
C297,Sweden,Individual
C298,Denmark,Individual
C299,Sweden,Business
C300,Netherlands,Individual
C301,Denmark,Individual
C302,France,Business
C303,Germany,Individual
C304,Netherlands,Business
C305,Sweden,Individual
C306,Germany,Individual
C307,Germany,Business
C308,Denmark,Individual
C309,Denmark,Individual
C310,Netherlands,Business
C311,Netherlands,Individual
C312,Denmark,Business
C313,Germany,Business
C314,Sweden,Individual
C315,Sweden,Business
C316,Sweden,Individual
C317,Sweden,Individual
C318,Denmark,Business
C319,Denmark,Business
C320,Sweden,Business
C321,Denmark,Business
C322,Netherlands,Individual
C323,Germany,Business
C324,Sweden,Individual
C325,Sweden,Business
C326,Netherlands,Individual
C327,Sweden,Business
C328,France,Business
C329,France,Business
C330,Netherlands,Business
C331,Netherlands,Business
C332,Denmark,Individual
C333,Denmark,Individual
C334,Germany,Individual
C335,Sweden,Business
C336,Denmark,Individual
C337,Sweden,Business
C338,Sweden,Individual
C339,Germany,Business
C340,France,Business
C341,France,Business
C342,Denmark,Business
C343,Sweden,Business
C344,Sweden,Business
C345,Netherlands,Business
C346,Netherlands,Business
C347,Netherlands,Individual
C348,Germany,Individual
C349,Netherlands,Individual
C350,Denmark,Individual
C351,France,Individual
C352,Sweden,Business
C353,Denmark,Business
C354,Germany,Individual
C355,Netherlands,Individual
C356,Netherlands,Individual
C357,Netherlands,Individual
C358,Denmark,Individual
C359,Netherlands,Individual
C360,Germany,Business
C361,France,Business
C362,Germany,Individual
C363,Denmark,Business
C364,Sweden,Business
C365,Sweden,Business
C366,France,Individual
C367,Netherlands,Business
C368,Germany,Individual
C369,Sweden,Business
C370,Germany,Individual
C371,France,Individual
C372,Denmark,Business
C373,Germany,Individual
C374,Germany,Business
C375,Denmark,Individual
C376,Denmark,Business
C377,Sweden,Business
C378,Netherlands,Business
C379,Netherlands,Individual
C380,Denmark,Individual
C381,France,Individual
C382,Netherlands,Individual
C383,France,Individual
C384,France,Individual
C385,France,Individual
C386,Sweden,Business
C387,Denmark,Business
C388,Netherlands,Individual
C389,France,Business
C390,Netherlands,Business
C391,Germany,Individual
C392,Netherlands,Individual
C393,Sweden,Individual
C394,Denmark,Individual
C395,France,Business
C396,France,Individual
C397,Germany,Individual
C398,Netherlands,Business
C399,Sweden,Individual
C400,Sweden,Business
C401,Sweden,Business
C402,Denmark,Business
C403,Sweden,Individual
C404,Denmark,Individual
C405,Sweden,Business
C406,Denmark,Business
C407,Germany,Individual
C408,France,Individual
C409,Netherlands,Individual
C410,France,Business
C411,Denmark,Business
C412,Netherlands,Individual
C413,Denmark,Business
C414,Sweden,Individual
C415,Sweden,Business
C416,Sweden,Business
C417,Netherlands,Individual
C418,France,Business
C419,Sweden,Business
C420,Netherlands,Business
C421,Denmark,Individual
C422,Sweden,Individual
C423,Netherlands,Business
C424,Netherlands,Individual
C425,Sweden,Individual
C426,Denmark,Business
C427,Sweden,Individual
C428,France,Business
C429,Denmark,Business
C430,Sweden,Individual
C431,France,Business
C432,Denmark,Individual
C433,Netherlands,Business
C434,Sweden,Individual
C435,Germany,Individual
C436,France,Business
C437,Denmark,Individual
C438,Denmark,Business
C439,Germany,Individual
C440,Germany,Business
C441,Germany,Individual
C442,Sweden,Business
C443,Denmark,Business
C444,Sweden,Business
C445,Sweden,Individual
C446,Sweden,Individual
C447,Sweden,Individual
C448,Denmark,Individual
C449,Germany,Business
C450,Sweden,Business
C451,Denmark,Business
C452,Germany,Business
C453,Netherlands,Business
C454,France,Business
C455,Denmark,Business
C456,Netherlands,Business
C457,Denmark,Business
C458,Sweden,Business
C459,France,Individual
C460,Denmark,Business
C461,France,Business
C462,Germany,Business
C463,Sweden,Business
C464,Sweden,Individual
C465,Sweden,Individual
C466,France,Business
C467,Germany,Business
C468,Germany,Business
C469,Germany,Individual
C470,Sweden,Individual
C471,Germany,Business
C472,Netherlands,Business
C473,Denmark,Business
C474,Germany,Business
C475,Denmark,Business
C476,Netherlands,Business
C477,Denmark,Individual
C478,Denmark,Individual
C479,France,Business
C480,France,Individual
C481,Sweden,Individual
C482,Germany,Business
C483,France,Business
C484,Germany,Individual
C485,Netherlands,Individual
C486,Netherlands,Business
C487,Netherlands,Business
C488,France,Individual
C489,Denmark,Business
C490,Denmark,Individual
C491,France,Individual
C492,Germany,Business
C493,Denmark,Individual
C494,Sweden,Individual
C495,France,Business
C496,Netherlands,Business
C497,Netherlands,Individual
C498,Sweden,Business
C499,Denmark,Individual
C500,Germany,Business
