order_id,customer_id,order_date
O00001,C301,2025-12-20
O00002,C328,2025-11-03
O00003,C354,2026-03-11
O00004,C234,2025-09-14
O00005,C102,2025-11-06
O00006,C437,2026-01-29
O00007,C055,2026-05-10
O00008,C196,2025-08-31
O00009,C184,2026-08-09
O00010,C152,2026-08-12
O00011,C012,2025-10-30
O00012,C141,2026-02-10
O00013,C290,2025-01-09
O00014,C467,2025-02-20
O00015,C382,2026-09-13
O00016,C427,2026-05-24
O00017,C398,2025-10-21
O00018,C311,2025-08-24
O00019,C113,2025-12-27
O00020,C318,2025-07-14
O00021,C348,2025-09-14
O00022,C322,2025-05-21
O00023,C463,2025-04-10
O00024,C159,2025-02-10
O00025,C018,2026-03-28
O00026,C187,2026-08-17
O00027,C047,2025-05-15
O00028,C168,2025-10-30
O00029,C090,2026-03-02
O00030,C068,2025-07-25
O00031,C449,2026-07-07
O00032,C272,2026-01-10
O00033,C468,2026-05-29
O00034,C426,2025-10-07
O00035,C132,2025-06-18
O00036,C496,2026-05-09
O00037,C383,2025-10-30
O00038,C412,2025-12-13
O00039,C240,2025-04-28
O00040,C073,2025-03-19
O00041,C441,2025-08-20
O00042,C496,2026-02-11
O00043,C188,2026-07-25
O00044,C405,2025-04-03
O00045,C008,2026-02-09
O00046,C275,2025-09-28
O00047,C233,2025-05-07
O00048,C345,2026-01-13
O00049,C300,2025-09-26
O00050,C422,2026-01-26
O00051,C056,2026-01-16
O00052,C242,2025-08-28
O00053,C318,2025-01-26
O00054,C168,2026-07-29
O00055,C114,2026-09-17
O00056,C326,2025-03-06
O00057,C466,2026-04-21
O00058,C333,2025-11-06
O00059,C060,2026-02-23
O00060,C024,2025-05-24
O00061,C156,2025-02-08
O00062,C060,2026-05-20
O00063,C121,2025-04-10
O00064,C070,2026-07-05
O00065,C233,2026-02-02
O00066,C344,2026-01-15
O00067,C215,2026-07-08
O00068,C381,2026-08-25
O00069,C454,2025-06-08
O00070,C336,2026-03-01
O00071,C427,2025-04-12
O00072,C316,2026-05-17
O00073,C481,2026-02-22
O00074,C017,2025-10-14
O00075,C112,2026-01-15
O00076,C228,2026-03-31
O00077,C438,2025-08-30
O00078,C051,2026-01-07
O00079,C279,2026-01-12
O00080,C032,2026-01-03
O00081,C142,2026-02-12
O00082,C496,2025-07-14
O00083,C486,2025-05-06
O00084,C047,2026-04-11
O00085,C329,2025-08-06
O00086,C498,2026-09-04
O00087,C026,2025-01-22
O00088,C125,2025-12-08
O00089,C403,2025-05-09
O00090,C106,2026-08-02
O00091,C425,2025-03-12
O00092,C107,2026-07-22
O00093,C111,2026-08-24
O00094,C169,2025-08-27
O00095,C404,2025-06-01
O00096,C002,2026-09-03
O00097,C440,2025-10-11
O00098,C067,2025-05-29
O00099,C129,2026-07-08
O00100,C057,2025-06-28
O00101,C068,2025-01-27
O00102,C184,2025-01-16
O00103,C302,2025-09-01
O00104,C009,2025-11-28
O00105,C136,2025-06-28
O00106,C065,2025-02-23
O00107,C270,2026-03-08
O00108,C382,2025-04-27
O00109,C244,2025-03-07
O00110,C399,2026-04-05
O00111,C263,2026-01-06
O00112,C056,2026-08-31
O00113,C258,2026-04-08
O00114,C485,2025-08-15
O00115,C023,2026-09-22
O00116,C155,2026-06-18
O00117,C330,2026-04-15
O00118,C032,2025-02-01
O00119,C434,2026-05-06
O00120,C219,2026-02-16
O00121,C252,2025-04-21
O00122,C038,2026-03-31
O00123,C165,2025-03-24
O00124,C076,2026-09-15
O00125,C065,2025-03-09
O00126,C320,2025-10-09
O00127,C281,2026-08-23
O00128,C196,2025-11-29
O00129,C272,2026-09-04
O00130,C233,2025-10-29
O00131,C310,2026-06-02
O00132,C051,2026-03-17
O00133,C437,2025-04-28
O00134,C370,2026-07-19
O00135,C221,2025-08-09
O00136,C455,2026-04-08
O00137,C212,2025-08-22
O00138,C424,2025-12-14
O00139,C205,2026-04-10
O00140,C374,2026-03-02
O00141,C161,2025-04-08
O00142,C161,2026-03-14
O00143,C192,2025-09-19
O00144,C352,2025-06-06
O00145,C035,2026-05-01
O00146,C426,2025-04-04
O00147,C048,2025-03-29
O00148,C050,2026-03-19
O00149,C416,2026-01-17
O00150,C285,2025-05-14
O00151,C301,2025-03-03
O00152,C288,2026-07-30
O00153,C344,2025-12-04
O00154,C211,2025-05-06
O00155,C448,2025-12-29
O00156,C445,2026-03-10
O00157,C496,2025-02-22
O00158,C308,2025-10-22
O00159,C181,2025-11-16
O00160,C296,2025-04-17
O00161,C109,2026-06-04
O00162,C337,2025-06-08
O00163,C115,2026-05-09
O00164,C180,2025-04-21
O00165,C189,2026-07-24
O00166,C391,2025-04-28
O00167,C294,2025-10-13
O00168,C414,2025-08-20
O00169,C433,2026-03-16
O00170,C499,2026-07-29
O00171,C315,2026-09-29
O00172,C014,2026-07-25
O00173,C476,2026-09-16
O00174,C015,2025-10-01
O00175,C140,2025-07-04
O00176,C472,2025-11-13
O00177,C180,2025-12-14
O00178,C093,2025-01-07
O00179,C290,2025-05-27
O00180,C036,2026-02-15
O00181,C380,2025-05-26
O00182,C047,2025-02-01
O00183,C111,2026-06-28
O00184,C215,2026-01-21
O00185,C175,2026-04-10
O00186,C190,2025-06-11
O00187,C370,2025-11-16
O00188,C398,2025-11-29
O00189,C306,2026-08-05
O00190,C453,2025-03-28
O00191,C080,2025-02-23
O00192,C387,2025-06-11
O00193,C026,2026-09-25
O00194,C140,2025-03-25
O00195,C339,2026-03-30
O00196,C249,2026-03-11
O00197,C227,2026-09-14
O00198,C140,2026-03-01
O00199,C387,2025-08-09
O00200,C059,2026-06-09
O00201,C221,2025-12-20
O00202,C146,2025-04-24
O00203,C250,2026-08-31
O00204,C342,2026-06-24
O00205,C024,2025-11-12
O00206,C203,2025-08-14
O00207,C029,2026-09-06
O00208,C105,2025-01-08
O00209,C485,2025-11-05
O00210,C393,2025-08-05
O00211,C392,2025-05-21
O00212,C149,2025-09-19
O00213,C062,2025-12-02
O00214,C255,2025-01-08
O00215,C090,2026-03-17
O00216,C195,2025-05-13
O00217,C361,2026-06-30
O00218,C257,2025-08-24
O00219,C427,2026-07-27
O00220,C037,2025-12-29
O00221,C442,2026-02-11
O00222,C224,2025-02-13
O00223,C236,2025-01-20
O00224,C442,2025-03-21
O00225,C295,2025-11-17
O00226,C294,2026-03-16
O00227,C364,2026-02-19
O00228,C149,2026-03-04
O00229,C208,2025-04-28
O00230,C495,2025-01-22
O00231,C088,2025-11-29
O00232,C236,2026-09-25
O00233,C046,2026-01-06
O00234,C433,2026-03-24
O00235,C125,2025-04-19
O00236,C302,2026-03-23
O00237,C269,2026-02-15
O00238,C203,2025-03-22
O00239,C382,2025-11-14
O00240,C114,2025-12-14
O00241,C399,2025-12-08
O00242,C040,2025-06-22
O00243,C325,2026-06-07
O00244,C272,2025-04-27
O00245,C100,2026-06-07
O00246,C180,2025-12-24
O00247,C121,2025-06-01
O00248,C075,2025-04-16
O00249,C102,2025-09-20
O00250,C309,2025-06-27
O00251,C390,2025-06-06
O00252,C091,2025-03-19
O00253,C238,2026-05-21
O00254,C390,2026-08-01
O00255,C230,2026-08-17
O00256,C330,2026-08-02
O00257,C443,2025-11-27
O00258,C078,2025-11-20
O00259,C035,2026-03-27
O00260,C227,2026-04-26
O00261,C408,2025-11-07
O00262,C303,2025-10-09
O00263,C181,2025-02-27
O00264,C038,2026-06-04
O00265,C237,2025-11-14
O00266,C020,2026-04-08
O00267,C189,2025-02-28
O00268,C040,2025-10-21
O00269,C315,2025-04-03
O00270,C260,2026-09-01
O00271,C237,2026-01-29
O00272,C284,2026-08-18
O00273,C231,2025-02-12
O00274,C334,2026-08-09
O00275,C165,2025-07-12
O00276,C244,2026-09-12
O00277,C078,2026-05-29
O00278,C231,2025-03-05
O00279,C416,2025-04-16
O00280,C366,2025-12-18
O00281,C259,2025-03-28
O00282,C021,2025-06-26
O00283,C363,2025-09-11
O00284,C225,2026-03-25
O00285,C268,2026-06-21
O00286,C082,2026-09-17
O00287,C191,2026-01-08
O00288,C199,2025-10-17
O00289,C397,2026-02-23
O00290,C348,2025-12-13
O00291,C027,2026-09-05
O00292,C034,2025-12-09
O00293,C049,2025-12-04
O00294,C348,2026-07-26
O00295,C146,2026-01-31
O00296,C371,2025-09-16
O00297,C448,2026-09-10
O00298,C171,2025-06-03
O00299,C299,2025-03-25
O00300,C470,2025-05-25
O00301,C159,2025-12-25
O00302,C067,2026-02-06
O00303,C363,2026-09-02
O00304,C159,2025-03-28
O00305,C193,2026-07-27
O00306,C417,2025-12-03
O00307,C344,2025-05-11
O00308,C048,2026-06-24
O00309,C261,2026-03-10
O00310,C010,2026-01-06
O00311,C159,2026-01-07
O00312,C487,2025-07-04
O00313,C175,2025-08-08
O00314,C099,2026-05-13
O00315,C071,2025-08-20
O00316,C040,2025-06-08
O00317,C433,2025-10-30
O00318,C260,2025-04-14
O00319,C428,2026-07-07
O00320,C020,2026-06-24
O00321,C449,2025-12-11
O00322,C068,2026-09-25
O00323,C193,2026-09-04
O00324,C084,2025-06-07
O00325,C426,2025-07-05
O00326,C370,2025-06-19
O00327,C023,2026-03-25
O00328,C187,2026-02-25
O00329,C497,2025-09-01
O00330,C313,2026-03-31
O00331,C386,2025-10-19
O00332,C120,2026-04-05
O00333,C123,2026-07-01
O00334,C495,2025-11-13
O00335,C463,2026-04-26
O00336,C189,2025-07-18
O00337,C226,2026-08-08
O00338,C394,2026-04-18
O00339,C399,2025-10-16
O00340,C258,2026-01-27
O00341,C215,2026-06-25
O00342,C419,2025-06-15
O00343,C411,2025-07-24
O00344,C071,2026-09-12
O00345,C027,2025-09-14
O00346,C448,2026-05-08
O00347,C284,2026-01-16
O00348,C365,2025-04-16
O00349,C436,2026-06-13
O00350,C146,2025-05-08
O00351,C391,2025-03-27
O00352,C140,2025-06-14
O00353,C464,2026-04-06
O00354,C076,2026-06-10
O00355,C047,2026-03-24
O00356,C419,2025-08-16
O00357,C453,2026-04-07
O00358,C477,2025-12-24
O00359,C213,2025-01-28
O00360,C203,2025-02-24
O00361,C192,2026-05-30
O00362,C198,2025-08-30
O00363,C192,2025-03-25
O00364,C015,2025-08-18
O00365,C477,2025-11-23
O00366,C430,2025-04-12
O00367,C406,2025-12-10
O00368,C071,2025-05-30
O00369,C147,2025-02-09
O00370,C357,2026-04-29
O00371,C389,2025-05-23
O00372,C230,2026-04-26
O00373,C003,2026-09-23
O00374,C010,2025-03-23
O00375,C111,2025-09-20
O00376,C281,2025-06-03
O00377,C271,2026-09-16
O00378,C057,2026-03-10
O00379,C122,2025-10-23
O00380,C063,2025-11-05
O00381,C123,2025-02-18
O00382,C328,2026-03-06
O00383,C235,2026-09-30
O00384,C057,2025-03-06
O00385,C306,2026-05-27
O00386,C009,2026-07-03
O00387,C295,2026-06-12
O00388,C368,2025-09-05
O00389,C150,2025-05-28
O00390,C001,2026-03-16
O00391,C181,2026-09-22
O00392,C293,2025-09-04
O00393,C096,2026-03-03
O00394,C269,2025-03-29
O00395,C035,2026-01-05
O00396,C279,2026-06-23
O00397,C403,2026-06-04
O00398,C284,2026-06-04
O00399,C200,2025-01-21
O00400,C023,2026-04-27
O00401,C192,2026-02-01
O00402,C383,2025-09-17
O00403,C183,2025-01-17
O00404,C177,2025-03-11
O00405,C376,2025-09-04
O00406,C396,2025-04-17
O00407,C377,2026-08-19
O00408,C069,2025-12-07
O00409,C181,2025-02-15
O00410,C174,2026-07-14
O00411,C426,2025-06-29
O00412,C357,2026-04-21
O00413,C324,2026-05-06
O00414,C416,2025-07-06
O00415,C033,2025-05-19
O00416,C019,2026-04-14
O00417,C104,2025-10-28
O00418,C406,2025-02-14
O00419,C454,2025-07-24
O00420,C162,2025-02-12
O00421,C264,2025-11-14
O00422,C418,2026-02-12
O00423,C243,2026-07-11
O00424,C019,2025-09-17
O00425,C147,2025-07-15
O00426,C442,2026-01-01
O00427,C444,2025-02-18
O00428,C140,2025-12-06
O00429,C410,2025-05-08
O00430,C224,2026-01-12
O00431,C381,2026-02-14
O00432,C459,2026-03-27
O00433,C174,2026-01-31
O00434,C255,2025-07-11
O00435,C189,2026-05-25
O00436,C137,2026-06-16
O00437,C373,2025-03-26
O00438,C041,2026-03-11
O00439,C309,2026-03-17
O00440,C280,2025-07-04
O00441,C165,2025-10-28
O00442,C041,2025-04-16
O00443,C339,2025-12-02
O00444,C157,2025-10-30
O00445,C309,2026-04-02
O00446,C086,2026-03-13
O00447,C180,2026-03-31
O00448,C022,2026-04-03
O00449,C315,2025-12-28
O00450,C141,2026-03-22
O00451,C039,2025-02-28
O00452,C187,2026-02-20
O00453,C411,2026-06-10
O00454,C488,2025-06-13
O00455,C074,2025-02-01
O00456,C348,2026-09-15
O00457,C018,2026-03-25
O00458,C035,2025-05-10
O00459,C399,2025-08-30
O00460,C186,2026-01-11
O00461,C487,2026-01-28
O00462,C017,2026-08-04
O00463,C079,2026-09-12
O00464,C486,2026-04-06
O00465,C191,2026-01-15
O00466,C391,2026-03-31
O00467,C294,2025-03-20
O00468,C272,2025-05-21
O00469,C204,2026-01-11
O00470,C333,2025-11-18
O00471,C128,2025-10-13
O00472,C014,2025-04-27
O00473,C256,2025-07-10
O00474,C199,2026-06-15
O00475,C061,2026-07-30
O00476,C397,2025-09-26
O00477,C361,2025-09-24
O00478,C110,2026-04-02
O00479,C147,2026-09-19
O00480,C103,2026-05-18
O00481,C070,2025-05-06
O00482,C232,2025-03-17
O00483,C461,2025-06-26
O00484,C045,2026-04-01
O00485,C342,2025-11-24
O00486,C364,2025-12-22
O00487,C282,2025-03-08
O00488,C149,2026-07-10
O00489,C436,2025-11-04
O00490,C365,2025-06-11
O00491,C407,2025-06-28
O00492,C261,2026-01-06
O00493,C063,2025-08-18
O00494,C406,2025-07-25
O00495,C122,2025-05-23
O00496,C014,2026-05-21
O00497,C284,2026-01-05
O00498,C189,2026-08-10
O00499,C412,2026-04-24
O00500,C067,2026-07-19
O00501,C453,2026-09-19
O00502,C034,2025-03-30
O00503,C204,2025-11-13
O00504,C270,2026-05-06
O00505,C394,2026-02-25
O00506,C422,2026-02-24
O00507,C038,2026-08-12
O00508,C498,2025-05-09
O00509,C329,2025-11-21
O00510,C231,2025-03-17
O00511,C349,2026-04-23
O00512,C177,2026-06-14
O00513,C450,2025-05-12
O00514,C328,2026-07-19
O00515,C094,2026-08-25
O00516,C222,2025-05-13
O00517,C467,2026-05-30
O00518,C426,2025-02-26
O00519,C266,2025-05-08
O00520,C156,2025-06-06
O00521,C083,2025-06-18
O00522,C479,2025-11-27
O00523,C178,2025-08-19
O00524,C459,2026-06-16
O00525,C434,2025-10-18
O00526,C129,2025-03-22
O00527,C326,2025-07-21
O00528,C141,2026-07-19
O00529,C321,2025-05-09
O00530,C315,2025-11-07
O00531,C048,2026-07-01
O00532,C329,2026-05-30
O00533,C304,2025-06-22
O00534,C079,2026-08-18
O00535,C338,2025-06-25
O00536,C173,2026-09-12
O00537,C022,2026-08-01
O00538,C042,2025-01-30
O00539,C486,2025-02-16
O00540,C136,2026-08-14
O00541,C393,2025-08-04
O00542,C214,2026-08-09
O00543,C328,2026-09-25
O00544,C255,2025-02-01
O00545,C149,2026-07-13
O00546,C248,2025-11-06
O00547,C413,2025-09-08
O00548,C153,2026-02-20
O00549,C038,2026-04-10
O00550,C081,2025-03-03
O00551,C213,2026-03-27
O00552,C238,2026-05-11
O00553,C175,2025-07-28
O00554,C074,2026-09-14
O00555,C442,2025-11-17
O00556,C376,2025-11-23
O00557,C500,2025-12-20
O00558,C067,2026-02-13
O00559,C264,2026-01-15
O00560,C055,2026-07-30
O00561,C124,2025-11-23
O00562,C063,2026-04-23
O00563,C231,2025-10-01
O00564,C073,2025-09-11
O00565,C026,2025-04-10
O00566,C485,2025-10-25
O00567,C443,2026-01-29
O00568,C215,2026-09-23
O00569,C493,2025-09-12
O00570,C417,2025-06-13
O00571,C479,2025-12-02
O00572,C370,2026-08-15
O00573,C098,2025-11-17
O00574,C256,2025-06-13
O00575,C240,2026-06-12
O00576,C451,2026-05-26
O00577,C255,2025-11-12
O00578,C047,2025-01-24
O00579,C259,2026-02-07
O00580,C495,2026-04-14
O00581,C111,2025-09-04
O00582,C181,2026-08-21
O00583,C026,2025-02-19
O00584,C254,2025-10-16
O00585,C452,2026-09-04
O00586,C147,2026-04-27
O00587,C005,2026-07-04
O00588,C221,2025-04-21
O00589,C452,2025-05-18
O00590,C373,2025-09-28
O00591,C392,2026-01-10
O00592,C188,2026-02-17
O00593,C206,2025-02-16
O00594,C292,2025-02-22
O00595,C100,2026-07-30
O00596,C284,2026-01-07
O00597,C038,2025-10-23
O00598,C259,2026-01-31
O00599,C392,2026-04-07
O00600,C144,2026-07-18
O00601,C061,2026-09-18
O00602,C500,2025-05-12
O00603,C202,2025-04-10
O00604,C407,2026-01-18
O00605,C286,2025-12-14
O00606,C387,2026-01-10
O00607,C102,2025-05-28
O00608,C261,2026-09-09
O00609,C257,2026-02-16
O00610,C024,2025-02-11
O00611,C071,2025-02-09
O00612,C412,2025-12-08
O00613,C266,2026-05-01
O00614,C077,2026-04-13
O00615,C458,2026-09-13
O00616,C072,2026-06-12
O00617,C477,2025-12-02
O00618,C164,2026-09-20
O00619,C202,2025-06-16
O00620,C379,2026-09-24
O00621,C304,2025-11-03
O00622,C260,2025-12-11
O00623,C273,2026-06-06
O00624,C363,2026-05-17
O00625,C154,2026-07-31
O00626,C418,2026-05-02
O00627,C189,2025-01-18
O00628,C345,2025-12-06
O00629,C214,2025-04-23
O00630,C158,2026-08-21
O00631,C306,2025-01-28
O00632,C136,2026-05-01
O00633,C296,2026-08-16
O00634,C370,2025-08-22
O00635,C299,2025-02-22
O00636,C088,2026-05-07
O00637,C323,2026-06-21
O00638,C397,2026-09-27
O00639,C076,2026-01-25
O00640,C017,2025-09-06
O00641,C486,2026-08-10
O00642,C098,2025-04-23
O00643,C226,2025-01-20
O00644,C215,2025-11-18
O00645,C212,2025-06-05
O00646,C211,2025-07-28
O00647,C397,2026-05-29
O00648,C472,2026-09-19
O00649,C447,2026-04-28
O00650,C362,2025-03-05
O00651,C266,2025-05-22
O00652,C288,2025-08-01
O00653,C340,2025-11-29
O00654,C270,2026-05-05
O00655,C161,2026-01-21
O00656,C236,2025-06-27
O00657,C176,2026-06-30
O00658,C182,2026-07-14
O00659,C313,2025-09-28
O00660,C099,2026-05-11
O00661,C143,2025-09-10
O00662,C153,2026-07-26
O00663,C483,2025-08-19
O00664,C395,2025-11-01
O00665,C361,2025-10-23
O00666,C354,2025-08-01
O00667,C163,2026-05-16
O00668,C179,2026-05-07
O00669,C479,2026-07-28
O00670,C148,2025-10-08
O00671,C294,2025-05-05
O00672,C195,2026-07-11
O00673,C420,2026-02-09
O00674,C489,2025-12-20
O00675,C149,2025-05-30
O00676,C148,2025-02-13
O00677,C178,2025-03-22
O00678,C336,2026-03-29
O00679,C383,2025-09-20
O00680,C110,2026-05-06
O00681,C424,2025-07-26
O00682,C139,2026-07-06
O00683,C357,2026-07-30
O00684,C071,2025-10-06
O00685,C316,2025-04-22
O00686,C123,2026-08-24
O00687,C026,2025-09-06
O00688,C116,2026-06-28
O00689,C027,2025-08-27
O00690,C212,2025-04-13
O00691,C368,2025-12-05
O00692,C052,2026-04-29
O00693,C003,2025-05-21
O00694,C476,2026-07-18
O00695,C209,2025-06-11
O00696,C245,2026-05-03
O00697,C388,2025-07-24
O00698,C165,2025-10-22
O00699,C331,2025-10-20
O00700,C465,2025-03-02
O00701,C334,2025-04-02
O00702,C119,2026-08-11
O00703,C379,2026-07-02
O00704,C468,2025-02-08
O00705,C214,2025-06-29
O00706,C479,2025-06-30
O00707,C429,2025-02-07
O00708,C404,2026-02-11
O00709,C096,2026-05-23
O00710,C449,2025-10-24
O00711,C005,2025-02-08
O00712,C291,2025-11-02
O00713,C055,2026-09-10
O00714,C146,2025-12-10
O00715,C329,2026-04-11
O00716,C269,2026-07-11
O00717,C456,2026-05-21
O00718,C436,2025-05-18
O00719,C240,2026-06-01
O00720,C099,2025-10-07
O00721,C170,2025-04-26
O00722,C375,2025-06-16
O00723,C332,2026-04-15
O00724,C368,2025-09-21
O00725,C008,2025-07-10
O00726,C405,2025-12-12
O00727,C291,2025-10-30
O00728,C090,2025-07-17
O00729,C439,2026-09-18
O00730,C424,2026-02-20
O00731,C264,2026-03-14
O00732,C045,2025-12-02
O00733,C343,2026-02-15
O00734,C095,2025-04-08
O00735,C245,2025-05-24
O00736,C480,2025-11-28
O00737,C004,2025-09-12
O00738,C197,2025-09-25
O00739,C229,2025-08-30
O00740,C489,2025-10-01
O00741,C155,2025-12-04
O00742,C371,2026-08-20
O00743,C006,2026-08-10
O00744,C335,2025-09-25
O00745,C355,2026-01-04
O00746,C032,2025-08-30
O00747,C239,2025-05-02
O00748,C082,2025-11-11
O00749,C352,2026-02-20
O00750,C473,2026-05-30
O00751,C354,2025-11-15
O00752,C328,2025-05-01
O00753,C189,2025-10-30
O00754,C114,2026-09-22
O00755,C491,2025-08-13
O00756,C245,2025-05-17
O00757,C233,2025-06-06
O00758,C192,2026-09-13
O00759,C360,2026-03-02
O00760,C468,2026-07-17
O00761,C388,2026-04-28
O00762,C411,2026-07-05
O00763,C391,2025-08-12
O00764,C349,2025-09-11
O00765,C448,2026-09-03
O00766,C270,2025-03-25
O00767,C271,2026-04-03
O00768,C040,2026-01-06
O00769,C058,2026-08-01
O00770,C425,2025-03-05
O00771,C463,2026-07-15
O00772,C104,2026-06-02
O00773,C275,2026-08-10
O00774,C085,2025-06-03
O00775,C438,2025-12-02
O00776,C227,2026-06-17
O00777,C349,2025-04-30
O00778,C368,2025-07-30
O00779,C251,2026-08-21
O00780,C461,2025-04-04
O00781,C229,2026-06-07
O00782,C233,2025-02-26
O00783,C263,2025-05-16
O00784,C234,2026-03-02
O00785,C030,2026-08-01
O00786,C237,2026-07-27
O00787,C371,2025-11-12
O00788,C203,2025-01-23
O00789,C419,2025-09-18
O00790,C382,2025-01-04
O00791,C297,2025-08-12
O00792,C024,2025-03-16
O00793,C177,2026-03-10
O00794,C278,2025-03-07
O00795,C479,2025-03-03
O00796,C479,2025-03-12
O00797,C017,2026-04-29
O00798,C210,2025-10-21
O00799,C394,2025-07-04
O00800,C393,2025-05-19
O00801,C192,2026-03-07
O00802,C230,2026-01-27
O00803,C193,2026-01-22
O00804,C350,2025-03-24
O00805,C069,2026-07-07
O00806,C061,2025-12-23
O00807,C276,2025-07-02
O00808,C271,2026-02-07
O00809,C373,2025-05-11
O00810,C428,2025-08-17
O00811,C388,2025-01-04
O00812,C153,2025-01-24
O00813,C345,2026-04-20
O00814,C218,2026-07-12
O00815,C195,2026-06-29
O00816,C127,2025-08-24
O00817,C178,2026-04-17
O00818,C142,2025-06-08
O00819,C480,2025-07-13
O00820,C017,2025-04-26
O00821,C315,2026-03-06
O00822,C124,2025-01-17
O00823,C035,2025-07-31
O00824,C305,2025-04-14
O00825,C229,2025-02-04
O00826,C345,2026-09-05
O00827,C126,2025-02-19
O00828,C206,2025-02-15
O00829,C120,2026-03-26
O00830,C112,2026-07-07
O00831,C072,2025-02-27
O00832,C149,2026-05-31
O00833,C418,2025-08-28
O00834,C164,2026-08-13
O00835,C307,2026-08-15
O00836,C122,2025-11-25
O00837,C449,2025-11-06
O00838,C339,2025-05-27
O00839,C114,2026-06-18
O00840,C154,2026-02-28
O00841,C032,2025-10-09
O00842,C486,2026-07-25
O00843,C451,2026-08-29
O00844,C321,2025-06-29
O00845,C285,2026-03-14
O00846,C025,2026-05-23
O00847,C483,2025-12-19
O00848,C403,2026-01-26
O00849,C164,2026-06-22
O00850,C210,2026-03-03
O00851,C154,2025-06-02
O00852,C095,2026-01-21
O00853,C243,2026-07-05
O00854,C435,2025-09-04
O00855,C154,2025-08-19
O00856,C413,2025-05-28
O00857,C469,2026-04-20
O00858,C288,2025-03-01
O00859,C496,2026-02-27
O00860,C286,2026-03-03
O00861,C069,2026-06-27
O00862,C125,2026-02-02
O00863,C105,2025-09-19
O00864,C332,2025-12-05
O00865,C473,2025-03-22
O00866,C434,2026-04-06
O00867,C048,2026-01-15
O00868,C371,2026-07-03
O00869,C027,2025-07-15
O00870,C194,2025-10-02
O00871,C309,2026-09-12
O00872,C448,2025-02-10
O00873,C097,2025-03-16
O00874,C371,2026-08-25
O00875,C112,2026-07-27
O00876,C107,2026-05-06
O00877,C156,2025-12-07
O00878,C109,2025-01-16
O00879,C493,2025-07-14
O00880,C383,2025-05-01
O00881,C469,2026-05-06
O00882,C357,2025-09-06
O00883,C361,2026-09-11
O00884,C204,2025-07-29
O00885,C283,2025-09-03
O00886,C398,2025-11-26
O00887,C195,2025-10-17
O00888,C274,2026-04-23
O00889,C158,2026-01-03
O00890,C185,2025-09-25
O00891,C452,2026-06-10
O00892,C239,2026-05-25
O00893,C412,2025-04-11
O00894,C390,2026-04-26
O00895,C469,2025-11-24
O00896,C190,2025-07-28
O00897,C212,2025-11-17
O00898,C289,2025-02-16
O00899,C380,2025-08-15
O00900,C009,2025-05-30
O00901,C284,2025-09-25
O00902,C297,2026-08-22
O00903,C152,2026-03-04
O00904,C101,2025-06-06
O00905,C118,2025-12-04
O00906,C292,2026-01-24
O00907,C256,2025-09-09
O00908,C336,2026-07-18
O00909,C132,2025-12-12
O00910,C495,2026-05-16
O00911,C236,2026-05-18
O00912,C376,2025-06-22
O00913,C087,2025-12-27
O00914,C369,2025-05-24
O00915,C251,2026-07-14
O00916,C470,2025-07-08
O00917,C329,2026-07-10
O00918,C269,2025-03-02
O00919,C430,2025-02-04
O00920,C484,2025-03-18
O00921,C392,2025-02-19
O00922,C212,2025-01-07
O00923,C432,2025-05-21
O00924,C035,2025-08-25
O00925,C005,2025-06-04
O00926,C259,2025-08-12
O00927,C192,2026-04-12
O00928,C317,2025-03-03
O00929,C468,2026-09-24
O00930,C338,2026-05-10
O00931,C009,2026-05-15
O00932,C273,2025-01-07
O00933,C211,2026-07-19
O00934,C009,2025-01-13
O00935,C370,2026-06-27
O00936,C275,2025-10-09
O00937,C009,2025-10-21
O00938,C417,2026-05-30
O00939,C413,2026-03-17
O00940,C055,2025-07-03
O00941,C269,2025-04-09
O00942,C124,2025-06-02
O00943,C318,2025-07-16
O00944,C130,2026-06-24
O00945,C137,2025-12-29
O00946,C041,2026-02-11
O00947,C492,2026-01-18
O00948,C236,2026-02-20
O00949,C125,2026-08-02
O00950,C154,2025-08-20
O00951,C335,2025-03-24
O00952,C048,2025-02-02
O00953,C195,2026-02-20
O00954,C283,2026-01-22
O00955,C029,2026-05-03
O00956,C360,2025-01-10
O00957,C043,2025-06-25
O00958,C433,2026-05-27
O00959,C331,2026-03-21
O00960,C290,2025-12-06
O00961,C459,2025-04-08
O00962,C471,2026-06-25
O00963,C118,2025-02-13
O00964,C462,2025-08-05
O00965,C244,2026-08-04
O00966,C024,2025-10-05
O00967,C351,2025-03-18
O00968,C461,2025-10-15
O00969,C289,2026-07-11
O00970,C092,2025-02-03
O00971,C009,2025-11-19
O00972,C301,2025-08-01
O00973,C386,2025-05-28
O00974,C476,2026-02-12
O00975,C154,2025-03-20
O00976,C289,2025-06-16
O00977,C291,2025-09-04
O00978,C347,2026-02-03
O00979,C170,2026-07-08
O00980,C387,2026-01-29
O00981,C405,2025-05-24
O00982,C257,2025-03-22
O00983,C028,2025-12-21
O00984,C224,2025-04-11
O00985,C430,2025-08-26
O00986,C175,2025-03-19
O00987,C394,2026-09-12
O00988,C489,2026-09-21
O00989,C204,2026-09-02
O00990,C016,2025-12-01
O00991,C402,2025-10-07
O00992,C252,2026-04-07
O00993,C183,2025-08-22
O00994,C482,2026-07-21
O00995,C222,2026-01-20
O00996,C349,2025-07-10
O00997,C339,2026-08-23
O00998,C044,2026-01-25
O00999,C152,2026-09-26
O01000,C366,2025-09-10
O01001,C043,2025-03-17
O01002,C079,2025-10-02
O01003,C365,2026-01-25
O01004,C379,2025-06-07
O01005,C163,2026-02-03
O01006,C055,2026-01-05
O01007,C003,2025-04-04
O01008,C228,2025-11-12
O01009,C390,2026-01-04
O01010,C053,2025-10-04
O01011,C045,2025-05-16
O01012,C221,2025-07-11
O01013,C286,2026-04-05
O01014,C263,2026-07-23
O01015,C053,2026-02-22
O01016,C046,2025-01-27
O01017,C284,2025-12-29
O01018,C306,2025-04-06
O01019,C402,2026-09-05
O01020,C443,2025-11-29
O01021,C007,2026-01-30
O01022,C212,2025-10-26
O01023,C399,2026-02-02
O01024,C372,2025-03-28
O01025,C464,2026-07-27
O01026,C293,2025-09-06
O01027,C087,2026-06-18
O01028,C087,2026-01-25
O01029,C138,2025-05-23
O01030,C138,2025-11-05
O01031,C075,2026-05-20
O01032,C086,2025-03-06
O01033,C142,2026-03-22
O01034,C154,2026-03-08
O01035,C401,2026-05-11
O01036,C185,2025-03-20
O01037,C484,2025-09-15
O01038,C370,2025-09-10
O01039,C305,2026-05-23
O01040,C101,2026-09-24
O01041,C055,2026-04-14
O01042,C156,2025-05-19
O01043,C486,2025-01-07
O01044,C171,2026-02-10
O01045,C195,2026-09-28
O01046,C226,2025-12-04
O01047,C221,2025-12-09
O01048,C070,2026-09-01
O01049,C165,2025-11-04
O01050,C486,2026-09-10
O01051,C246,2025-07-25
O01052,C091,2025-11-18
O01053,C496,2026-02-12
O01054,C150,2025-11-23
O01055,C496,2026-05-18
O01056,C401,2026-08-13
O01057,C167,2025-09-06
O01058,C144,2026-01-21
O01059,C187,2026-02-07
O01060,C478,2025-04-27
O01061,C103,2026-08-01
O01062,C280,2026-08-30
O01063,C350,2025-07-04
O01064,C014,2026-07-18
O01065,C483,2026-04-18
O01066,C225,2025-08-03
O01067,C426,2025-10-26
O01068,C420,2025-03-12
O01069,C345,2026-02-23
O01070,C072,2026-05-27
O01071,C124,2025-11-07
O01072,C338,2025-09-16
O01073,C367,2025-06-07
O01074,C405,2026-03-10
O01075,C038,2026-01-22
O01076,C307,2026-04-05
O01077,C299,2026-05-06
O01078,C274,2026-02-15
O01079,C473,2026-06-03
O01080,C279,2026-03-05
O01081,C405,2025-02-07
O01082,C360,2026-01-04
O01083,C305,2026-07-04
O01084,C056,2025-03-29
O01085,C337,2025-09-12
O01086,C086,2025-12-30
O01087,C023,2026-09-20
O01088,C331,2026-07-31
O01089,C496,2026-02-14
O01090,C495,2025-12-06
O01091,C055,2026-03-17
O01092,C051,2025-01-11
O01093,C114,2025-09-22
O01094,C383,2026-06-07
O01095,C286,2026-06-16
O01096,C353,2026-08-18
O01097,C114,2026-08-13
O01098,C192,2026-04-02
O01099,C238,2026-02-05
O01100,C354,2026-08-26
O01101,C078,2026-05-28
O01102,C013,2025-12-20
O01103,C054,2026-05-10
O01104,C213,2025-10-30
O01105,C060,2025-03-29
O01106,C179,2025-05-26
O01107,C176,2025-11-16
O01108,C402,2026-04-12
O01109,C267,2025-07-31
O01110,C179,2026-05-10
O01111,C050,2026-05-03
O01112,C370,2026-03-25
O01113,C164,2026-04-09
O01114,C154,2025-03-10
O01115,C415,2025-02-15
O01116,C012,2025-04-28
O01117,C332,2025-12-18
O01118,C347,2025-04-22
O01119,C477,2025-06-18
O01120,C265,2025-09-07
O01121,C283,2025-06-28
O01122,C170,2025-06-13
O01123,C219,2026-07-28
O01124,C119,2026-04-19
O01125,C323,2026-02-19
O01126,C096,2025-07-08
O01127,C203,2026-03-19
O01128,C378,2025-01-30
O01129,C453,2026-09-21
O01130,C231,2025-07-22
O01131,C220,2026-08-30
O01132,C003,2026-02-03
O01133,C106,2025-08-08
O01134,C386,2025-10-13
O01135,C296,2025-03-06
O01136,C410,2025-04-15
O01137,C096,2026-07-04
O01138,C167,2026-01-10
O01139,C235,2025-07-21
O01140,C135,2025-04-27
O01141,C271,2026-05-17
O01142,C306,2025-11-17
O01143,C313,2026-02-02
O01144,C301,2026-02-06
O01145,C179,2025-04-27
O01146,C433,2025-12-27
O01147,C317,2026-04-14
O01148,C417,2025-06-26
O01149,C471,2025-11-01
O01150,C303,2026-09-22
O01151,C345,2025-03-28
O01152,C161,2025-05-18
O01153,C123,2025-05-01
O01154,C060,2025-11-09
O01155,C192,2025-07-07
O01156,C262,2025-05-25
O01157,C215,2026-02-02
O01158,C071,2026-09-03
O01159,C197,2026-08-12
O01160,C096,2026-03-10
O01161,C326,2026-05-14
O01162,C356,2026-07-05
O01163,C285,2025-06-27
O01164,C251,2025-06-20
O01165,C072,2025-10-23
O01166,C162,2025-07-11
O01167,C318,2026-04-07
O01168,C444,2025-02-24
O01169,C488,2026-01-03
O01170,C249,2025-01-10
O01171,C100,2025-05-20
O01172,C494,2026-01-29
O01173,C259,2026-07-30
O01174,C210,2026-05-22
O01175,C213,2026-05-19
O01176,C251,2026-03-31
O01177,C043,2025-06-21
O01178,C016,2026-08-02
O01179,C150,2025-08-14
O01180,C141,2025-02-03
O01181,C276,2025-08-19
O01182,C087,2025-10-23
O01183,C290,2026-04-14
O01184,C282,2026-05-23
O01185,C058,2026-06-08
O01186,C059,2026-08-10
O01187,C397,2025-10-02
O01188,C422,2026-07-11
O01189,C278,2026-01-11
O01190,C390,2025-02-12
O01191,C280,2026-03-28
O01192,C218,2025-08-12
O01193,C377,2025-04-15
O01194,C153,2025-09-11
O01195,C231,2025-02-03
O01196,C179,2025-09-27
O01197,C225,2025-03-31
O01198,C398,2025-05-01
O01199,C108,2025-08-31
O01200,C353,2026-08-26
O01201,C441,2025-12-26
O01202,C324,2026-09-17
O01203,C085,2026-03-15
O01204,C072,2026-09-23
O01205,C417,2025-07-31
O01206,C413,2025-07-31
O01207,C292,2025-03-02
O01208,C273,2025-12-26
O01209,C306,2025-10-15
O01210,C087,2026-07-06
O01211,C361,2025-11-28
O01212,C149,2025-10-27
O01213,C137,2026-08-10
O01214,C461,2026-06-11
O01215,C070,2025-04-08
O01216,C471,2026-02-26
O01217,C142,2025-03-02
O01218,C360,2025-05-10
O01219,C128,2025-05-16
O01220,C365,2025-05-30
O01221,C425,2025-11-26
O01222,C390,2025-09-11
O01223,C251,2026-02-07
O01224,C296,2025-05-26
O01225,C322,2025-10-03
O01226,C193,2026-03-01
O01227,C039,2026-04-08
O01228,C207,2025-04-06
O01229,C384,2026-06-12
O01230,C356,2025-10-12
O01231,C233,2026-01-13
O01232,C168,2026-05-15
O01233,C002,2026-08-19
O01234,C375,2025-04-06
O01235,C326,2026-04-15
O01236,C436,2026-01-02
O01237,C408,2025-03-06
O01238,C204,2026-07-02
O01239,C496,2025-08-12
O01240,C423,2026-03-16
O01241,C254,2025-08-05
O01242,C166,2025-10-02
O01243,C173,2025-10-18
O01244,C296,2026-07-15
O01245,C290,2025-05-14
O01246,C404,2026-05-12
O01247,C458,2025-12-18
O01248,C024,2025-02-19
O01249,C321,2025-04-12
O01250,C009,2026-04-16
O01251,C476,2025-05-08
O01252,C226,2025-06-11
O01253,C001,2026-04-13
O01254,C104,2026-03-15
O01255,C452,2025-05-16
O01256,C082,2025-11-06
O01257,C048,2025-10-08
O01258,C129,2026-01-05
O01259,C191,2025-03-26
O01260,C027,2025-06-19
O01261,C321,2026-02-10
O01262,C372,2025-11-09
O01263,C220,2025-08-28
O01264,C361,2025-04-04
O01265,C001,2025-04-08
O01266,C245,2025-08-07
O01267,C068,2025-03-21
O01268,C116,2026-08-31
O01269,C349,2026-06-16
O01270,C005,2026-04-01
O01271,C357,2025-01-09
O01272,C419,2025-12-18
O01273,C441,2025-05-04
O01274,C356,2026-03-09
O01275,C245,2025-05-16
O01276,C118,2025-03-14
O01277,C046,2026-01-28
O01278,C053,2025-04-15
O01279,C189,2025-11-17
O01280,C071,2025-11-03
O01281,C397,2026-01-27
O01282,C329,2025-05-17
O01283,C036,2025-05-27
O01284,C289,2026-06-28
O01285,C313,2025-01-09
O01286,C226,2025-06-18
O01287,C370,2025-12-26
O01288,C322,2025-08-07
O01289,C471,2025-06-05
O01290,C316,2026-02-26
O01291,C441,2026-03-30
O01292,C045,2025-08-11
O01293,C072,2025-04-13
O01294,C302,2025-05-07
O01295,C180,2026-01-29
O01296,C162,2026-03-16
O01297,C127,2025-05-24
O01298,C331,2025-10-11
O01299,C128,2025-03-28
O01300,C308,2026-07-21
O01301,C370,2026-09-07
O01302,C146,2026-09-15
O01303,C435,2025-01-28
O01304,C106,2025-11-05
O01305,C311,2026-06-15
O01306,C097,2026-06-06
O01307,C152,2026-02-06
O01308,C402,2025-02-25
O01309,C254,2025-09-03
O01310,C058,2026-01-31
O01311,C256,2025-09-04
O01312,C037,2026-09-01
O01313,C456,2026-06-25
O01314,C185,2025-01-13
O01315,C068,2025-11-21
O01316,C441,2026-02-01
O01317,C216,2026-08-06
O01318,C280,2026-01-10
O01319,C391,2025-06-26
O01320,C489,2026-04-28
O01321,C009,2025-03-16
O01322,C035,2026-08-25
O01323,C135,2025-01-15
O01324,C021,2025-08-09
O01325,C486,2025-03-03
O01326,C260,2026-02-12
O01327,C322,2025-10-21
O01328,C393,2026-05-29
O01329,C217,2026-03-02
O01330,C043,2026-02-16
O01331,C276,2026-07-04
O01332,C079,2026-09-23
O01333,C043,2025-10-12
O01334,C041,2025-11-14
O01335,C472,2026-06-08
O01336,C499,2025-07-28
O01337,C275,2025-06-09
O01338,C201,2025-12-01
O01339,C325,2026-08-24
O01340,C159,2025-03-09
O01341,C374,2026-03-24
O01342,C030,2025-09-02
O01343,C045,2025-09-08
O01344,C060,2026-03-21
O01345,C314,2026-04-10
O01346,C029,2026-09-16
O01347,C342,2025-11-13
O01348,C062,2025-06-29
O01349,C363,2025-01-13
O01350,C360,2025-05-21
O01351,C084,2025-01-12
O01352,C488,2026-05-24
O01353,C268,2025-12-22
O01354,C401,2026-06-14
O01355,C086,2025-09-23
O01356,C065,2026-01-16
O01357,C376,2025-10-03
O01358,C395,2025-05-01
O01359,C172,2025-01-31
O01360,C140,2026-03-16
O01361,C033,2026-06-21
O01362,C365,2025-09-27
O01363,C322,2026-08-14
O01364,C255,2025-03-20
O01365,C262,2026-04-12
O01366,C029,2026-01-04
O01367,C440,2026-05-27
O01368,C086,2026-08-04
O01369,C081,2026-01-12
O01370,C396,2025-09-19
O01371,C458,2025-04-16
O01372,C346,2026-08-11
O01373,C117,2025-04-29
O01374,C002,2026-06-06
O01375,C440,2025-02-15
O01376,C126,2025-01-13
O01377,C242,2025-02-17
O01378,C197,2026-01-08
O01379,C092,2025-06-03
O01380,C284,2025-02-06
O01381,C115,2026-03-06
O01382,C128,2025-11-26
O01383,C469,2026-03-03
O01384,C139,2025-11-24
O01385,C293,2025-03-21
O01386,C062,2026-01-17
O01387,C345,2026-05-30
O01388,C092,2025-02-23
O01389,C412,2025-08-17
O01390,C024,2026-06-13
O01391,C036,2026-02-15
O01392,C444,2026-04-22
O01393,C397,2025-10-17
O01394,C168,2025-11-15
O01395,C284,2025-03-30
O01396,C005,2026-04-13
O01397,C103,2026-01-13
O01398,C289,2025-10-26
O01399,C379,2025-11-08
O01400,C125,2026-09-30
O01401,C189,2026-04-21
O01402,C498,2026-08-29
O01403,C396,2026-05-21
O01404,C376,2025-07-20
O01405,C390,2026-07-14
O01406,C078,2025-09-09
O01407,C478,2025-01-07
O01408,C013,2026-02-24
O01409,C278,2025-08-27
O01410,C326,2025-12-21
O01411,C487,2025-01-10
O01412,C001,2025-12-10
O01413,C435,2026-01-21
O01414,C054,2025-11-11
O01415,C272,2025-07-30
O01416,C215,2025-09-01
O01417,C493,2026-05-19
O01418,C498,2025-03-03
O01419,C365,2025-05-26
O01420,C048,2025-10-14
O01421,C472,2025-02-14
O01422,C460,2025-08-26
O01423,C212,2026-06-17
O01424,C235,2026-01-17
O01425,C298,2025-03-28
O01426,C259,2025-04-08
O01427,C327,2025-05-17
O01428,C039,2026-02-08
O01429,C291,2026-08-30
O01430,C223,2025-03-05
O01431,C122,2025-05-14
O01432,C134,2025-10-26
O01433,C475,2025-11-19
O01434,C359,2026-02-07
O01435,C163,2025-12-01
O01436,C140,2026-04-09
O01437,C039,2025-08-28
O01438,C070,2025-07-27
O01439,C056,2026-08-22
O01440,C055,2025-06-09
O01441,C231,2025-06-18
O01442,C161,2026-04-23
O01443,C062,2026-02-21
O01444,C184,2026-07-03
O01445,C232,2025-08-01
O01446,C238,2025-11-12
O01447,C437,2025-09-29
O01448,C047,2025-05-03
O01449,C414,2025-06-11
O01450,C424,2025-11-08
O01451,C021,2026-09-10
O01452,C428,2025-08-09
O01453,C076,2025-12-02
O01454,C365,2025-04-04
O01455,C496,2025-09-12
O01456,C203,2025-12-31
O01457,C026,2026-06-10
O01458,C134,2025-11-03
O01459,C016,2025-06-28
O01460,C438,2026-02-19
O01461,C285,2026-04-09
O01462,C128,2026-07-18
O01463,C237,2025-04-07
O01464,C412,2025-04-15
O01465,C063,2025-05-24
O01466,C032,2025-01-13
O01467,C067,2025-08-16
O01468,C422,2025-07-22
O01469,C191,2026-02-15
O01470,C299,2025-03-28
O01471,C133,2026-08-24
O01472,C012,2025-03-18
O01473,C102,2025-03-08
O01474,C415,2026-03-31
O01475,C048,2025-05-12
O01476,C063,2025-12-06
O01477,C483,2025-02-13
O01478,C026,2026-04-18
O01479,C474,2025-06-22
O01480,C222,2026-08-11
O01481,C255,2026-02-09
O01482,C196,2025-01-31
O01483,C089,2026-03-13
O01484,C110,2025-12-29
O01485,C141,2025-07-11
O01486,C229,2025-10-14
O01487,C018,2025-06-02
O01488,C318,2026-09-21
O01489,C126,2026-09-24
O01490,C256,2025-10-30
O01491,C452,2026-02-26
O01492,C246,2026-07-18
O01493,C045,2025-03-04
O01494,C197,2025-10-14
O01495,C215,2025-05-21
O01496,C330,2025-07-24
O01497,C128,2026-06-23
O01498,C407,2026-07-11
O01499,C196,2025-01-20
O01500,C246,2026-01-03
O01501,C401,2026-07-12
O01502,C177,2026-05-12
O01503,C258,2026-08-03
O01504,C199,2025-11-26
O01505,C093,2025-10-04
O01506,C164,2025-01-27
O01507,C113,2026-09-04
O01508,C459,2025-01-31
O01509,C030,2025-10-15
O01510,C272,2026-04-29
O01511,C393,2026-01-02
O01512,C120,2026-08-22
O01513,C052,2025-06-13
O01514,C337,2025-09-11
O01515,C137,2025-09-04
O01516,C418,2026-07-01
O01517,C392,2025-02-27
O01518,C295,2025-08-13
O01519,C182,2026-02-02
O01520,C091,2025-06-27
O01521,C304,2025-08-31
O01522,C413,2025-11-22
O01523,C468,2026-01-03
O01524,C015,2026-08-29
O01525,C486,2025-12-27
O01526,C289,2026-08-05
O01527,C289,2025-05-26
O01528,C429,2025-07-12
O01529,C278,2026-05-20
O01530,C090,2025-11-13
O01531,C020,2026-05-18
O01532,C029,2025-04-03
O01533,C309,2025-08-27
O01534,C011,2025-08-13
O01535,C245,2026-06-24
O01536,C170,2025-01-01
O01537,C104,2026-09-21
O01538,C175,2025-05-14
O01539,C471,2025-07-01
O01540,C031,2025-11-28
O01541,C076,2025-01-23
O01542,C361,2026-08-24
O01543,C397,2025-05-26
O01544,C434,2025-04-24
O01545,C441,2026-06-23
O01546,C492,2026-01-09
O01547,C192,2025-03-16
O01548,C301,2026-02-10
O01549,C173,2025-04-14
O01550,C166,2025-11-06
O01551,C500,2025-05-20
O01552,C375,2025-06-11
O01553,C406,2026-03-24
O01554,C333,2026-05-14
O01555,C090,2025-11-21
O01556,C356,2026-07-30
O01557,C403,2026-09-21
O01558,C115,2026-01-01
O01559,C418,2026-08-27
O01560,C194,2025-06-29
O01561,C376,2025-11-11
O01562,C066,2025-10-29
O01563,C374,2025-07-01
O01564,C486,2025-01-02
O01565,C201,2026-08-10
O01566,C017,2026-08-05
O01567,C309,2025-07-06
O01568,C472,2025-11-22
O01569,C114,2026-09-19
O01570,C054,2026-08-03
O01571,C073,2026-05-24
O01572,C382,2025-12-06
O01573,C122,2025-03-21
O01574,C164,2025-12-22
O01575,C326,2025-06-21
O01576,C421,2025-04-01
O01577,C229,2025-12-10
O01578,C136,2025-01-12
O01579,C128,2025-08-03
O01580,C180,2025-03-11
O01581,C403,2025-09-20
O01582,C369,2025-04-21
O01583,C025,2025-01-02
O01584,C225,2026-01-31
O01585,C497,2026-03-06
O01586,C453,2025-06-20
O01587,C253,2026-02-28
O01588,C180,2026-01-23
O01589,C193,2026-07-14
O01590,C425,2025-04-14
O01591,C404,2026-05-06
O01592,C334,2026-08-15
O01593,C084,2025-08-19
O01594,C038,2026-04-08
O01595,C151,2025-02-04
O01596,C164,2025-01-21
O01597,C488,2025-09-25
O01598,C038,2025-04-18
O01599,C088,2025-12-17
O01600,C083,2026-01-20
O01601,C281,2025-03-18
O01602,C174,2025-04-06
O01603,C315,2026-09-01
O01604,C361,2026-05-10
O01605,C221,2025-02-01
O01606,C311,2025-06-18
O01607,C081,2026-03-21
O01608,C052,2025-02-24
O01609,C106,2025-12-06
O01610,C210,2025-07-14
O01611,C370,2026-07-22
O01612,C136,2026-07-08
O01613,C153,2025-10-16
O01614,C050,2025-09-01
O01615,C202,2025-02-20
O01616,C282,2026-08-09
O01617,C079,2026-05-18
O01618,C185,2025-02-25
O01619,C219,2025-01-04
O01620,C151,2025-03-31
O01621,C246,2026-09-07
O01622,C050,2025-07-24
O01623,C106,2025-01-27
O01624,C327,2025-06-24
O01625,C042,2025-10-26
O01626,C433,2026-04-30
O01627,C158,2025-04-29
O01628,C242,2026-02-12
O01629,C459,2026-05-16
O01630,C047,2025-09-29
O01631,C199,2026-07-12
O01632,C190,2025-07-09
O01633,C190,2026-01-26
O01634,C229,2025-07-11
O01635,C135,2025-02-15
O01636,C239,2026-03-27
O01637,C116,2025-09-27
O01638,C289,2025-10-03
O01639,C078,2025-03-05
O01640,C044,2025-04-10
O01641,C414,2025-12-19
O01642,C212,2026-07-09
O01643,C117,2026-08-27
O01644,C032,2026-07-21
O01645,C420,2026-02-01
O01646,C215,2026-06-20
O01647,C352,2026-07-03
O01648,C294,2026-05-02
O01649,C244,2025-08-30
O01650,C041,2025-11-03
O01651,C463,2026-02-09
O01652,C258,2025-02-05
O01653,C462,2026-08-08
O01654,C410,2026-06-14
O01655,C347,2026-08-09
O01656,C076,2026-09-28
O01657,C487,2025-05-04
O01658,C089,2026-04-05
O01659,C498,2025-06-21
O01660,C414,2025-08-05
O01661,C065,2025-07-17
O01662,C217,2025-02-13
O01663,C350,2025-03-22
O01664,C104,2026-03-22
O01665,C428,2025-06-01
O01666,C133,2026-09-02
O01667,C467,2025-11-24
O01668,C045,2025-03-10
O01669,C285,2026-02-02
O01670,C283,2026-02-11
O01671,C439,2025-11-30
O01672,C267,2025-10-10
O01673,C470,2026-04-15
O01674,C403,2025-01-13
O01675,C268,2026-08-25
O01676,C058,2026-03-06
O01677,C077,2026-03-01
O01678,C291,2025-06-01
O01679,C299,2026-08-26
O01680,C474,2025-04-13
O01681,C289,2025-04-19
O01682,C403,2025-04-14
O01683,C445,2025-10-20
O01684,C451,2026-07-03
O01685,C450,2025-12-19
O01686,C136,2026-02-25
O01687,C336,2026-01-28
O01688,C293,2026-05-13
O01689,C243,2026-09-16
O01690,C089,2025-02-08
O01691,C207,2025-10-10
O01692,C317,2025-05-28
O01693,C349,2026-09-16
O01694,C020,2026-02-16
O01695,C456,2026-02-10
O01696,C354,2025-12-06
O01697,C026,2025-09-01
O01698,C472,2026-05-02
O01699,C460,2025-10-03
O01700,C011,2026-01-17
O01701,C419,2025-12-12
O01702,C160,2025-11-07
O01703,C432,2025-10-15
O01704,C440,2026-05-19
O01705,C498,2025-04-11
O01706,C069,2025-08-22
O01707,C499,2025-11-04
O01708,C397,2026-03-30
O01709,C138,2025-11-25
O01710,C310,2026-03-03
O01711,C097,2025-04-02
O01712,C109,2026-03-29
O01713,C380,2026-02-21
O01714,C389,2026-05-12
O01715,C445,2026-06-13
O01716,C421,2026-01-18
O01717,C264,2025-02-27
O01718,C034,2025-06-12
O01719,C364,2025-11-15
O01720,C207,2026-06-03
O01721,C400,2025-05-19
O01722,C451,2026-06-21
O01723,C015,2026-08-06
O01724,C099,2025-06-27
O01725,C429,2025-07-25
O01726,C128,2025-03-01
O01727,C234,2025-02-03
O01728,C471,2025-02-21
O01729,C361,2026-01-05
O01730,C141,2025-07-23
O01731,C422,2026-01-13
O01732,C259,2026-04-21
O01733,C326,2026-02-11
O01734,C349,2025-05-07
O01735,C124,2025-02-01
O01736,C251,2026-01-17
O01737,C229,2026-09-01
O01738,C492,2025-07-01
O01739,C301,2026-05-01
O01740,C180,2026-07-19
O01741,C084,2025-12-19
O01742,C384,2025-09-22
O01743,C146,2025-04-03
O01744,C198,2025-01-29
O01745,C084,2025-02-20
O01746,C400,2026-08-09
O01747,C439,2025-08-08
O01748,C332,2025-08-15
O01749,C347,2025-08-19
O01750,C138,2025-07-31
O01751,C263,2026-02-24
O01752,C443,2025-01-21
O01753,C243,2025-01-10
O01754,C332,2025-05-16
O01755,C308,2025-06-27
O01756,C115,2025-01-09
O01757,C312,2025-09-16
O01758,C365,2025-11-09
O01759,C217,2025-10-09
O01760,C437,2026-01-21
O01761,C236,2025-12-24
O01762,C112,2025-09-16
O01763,C155,2026-04-23
O01764,C423,2026-06-18
O01765,C300,2026-02-11
O01766,C004,2025-04-15
O01767,C340,2026-06-08
O01768,C288,2026-01-19
O01769,C312,2026-09-01
O01770,C153,2025-10-17
O01771,C247,2025-04-21
O01772,C173,2025-03-07
O01773,C328,2025-10-11
O01774,C442,2025-11-29
O01775,C134,2025-10-11
O01776,C097,2025-11-02
O01777,C265,2025-06-03
O01778,C461,2025-09-04
O01779,C413,2025-02-28
O01780,C207,2026-09-07
O01781,C349,2025-11-24
O01782,C370,2025-05-24
O01783,C336,2025-01-27
O01784,C152,2026-05-25
O01785,C465,2025-09-23
O01786,C208,2026-03-05
O01787,C378,2026-02-02
O01788,C299,2025-02-06
O01789,C418,2026-08-09
O01790,C176,2025-07-14
O01791,C352,2025-08-16
O01792,C327,2026-07-02
O01793,C465,2026-05-03
O01794,C260,2026-01-03
O01795,C433,2025-11-04
O01796,C431,2025-06-24
O01797,C093,2026-07-26
O01798,C050,2025-10-28
O01799,C066,2026-04-28
O01800,C372,2025-09-22
O01801,C391,2026-07-27
O01802,C485,2025-07-07
O01803,C336,2025-12-10
O01804,C114,2025-04-02
O01805,C115,2025-12-30
O01806,C216,2025-11-11
O01807,C191,2025-12-06
O01808,C300,2025-09-24
O01809,C238,2025-10-29
O01810,C241,2025-05-01
O01811,C444,2025-02-24
O01812,C298,2026-08-21
O01813,C037,2026-09-28
O01814,C456,2026-04-29
O01815,C257,2025-07-19
O01816,C445,2025-05-03
O01817,C272,2026-01-26
O01818,C212,2025-11-02
O01819,C446,2025-02-25
O01820,C071,2025-06-04
O01821,C176,2025-07-25
O01822,C292,2026-02-24
O01823,C074,2026-04-14
O01824,C442,2025-11-20
O01825,C399,2025-07-04
O01826,C250,2025-03-24
O01827,C324,2025-12-07
O01828,C161,2025-07-01
O01829,C003,2025-03-01
O01830,C141,2026-04-08
O01831,C390,2025-08-03
O01832,C296,2025-06-22
O01833,C251,2025-06-12
O01834,C067,2025-04-01
O01835,C223,2026-09-22
O01836,C207,2026-03-16
O01837,C495,2026-03-16
O01838,C197,2026-05-04
O01839,C020,2025-01-05
O01840,C103,2026-07-01
O01841,C487,2026-01-18
O01842,C457,2025-01-15
O01843,C388,2025-11-26
O01844,C098,2026-06-28
O01845,C347,2025-01-19
O01846,C321,2025-01-05
O01847,C116,2025-09-12
O01848,C160,2025-12-19
O01849,C053,2025-05-13
O01850,C258,2026-01-28
O01851,C157,2026-08-26
O01852,C034,2025-06-21
O01853,C153,2025-02-16
O01854,C234,2025-10-25
O01855,C306,2026-06-17
O01856,C173,2026-06-21
O01857,C455,2026-03-21
O01858,C176,2025-05-18
O01859,C184,2026-05-17
O01860,C085,2025-07-12
O01861,C010,2026-02-18
O01862,C115,2025-08-22
O01863,C109,2025-05-15
O01864,C302,2025-01-23
O01865,C087,2026-06-01
O01866,C188,2025-05-07
O01867,C193,2025-02-08
O01868,C395,2025-09-19
O01869,C320,2026-07-02
O01870,C305,2025-02-19
O01871,C339,2025-02-19
O01872,C335,2025-04-21
O01873,C025,2025-01-21
O01874,C214,2025-04-29
O01875,C195,2026-03-31
O01876,C281,2025-05-07
O01877,C243,2025-09-16
O01878,C106,2025-06-06
O01879,C155,2025-01-10
O01880,C339,2026-03-07
O01881,C340,2025-04-14
O01882,C139,2026-06-17
O01883,C311,2026-09-30
O01884,C215,2025-05-21
O01885,C262,2025-04-18
O01886,C061,2026-09-25
O01887,C059,2025-10-17
O01888,C255,2025-04-19
O01889,C312,2025-07-23
O01890,C399,2025-07-24
O01891,C426,2025-09-27
O01892,C499,2026-06-20
O01893,C184,2025-07-26
O01894,C152,2026-02-24
O01895,C021,2025-06-14
O01896,C255,2026-07-16
O01897,C353,2025-08-01
O01898,C170,2026-05-08
O01899,C002,2025-08-29
O01900,C344,2025-01-14
O01901,C465,2025-04-02
O01902,C428,2025-04-24
O01903,C343,2026-08-11
O01904,C077,2026-05-21
O01905,C400,2025-04-03
O01906,C039,2026-06-08
O01907,C464,2025-04-14
O01908,C330,2025-09-20
O01909,C234,2025-08-25
O01910,C136,2025-10-31
O01911,C026,2026-04-21
O01912,C417,2025-04-13
O01913,C448,2025-06-28
O01914,C437,2025-02-10
O01915,C185,2025-10-25
O01916,C219,2025-11-17
O01917,C049,2025-04-29
O01918,C005,2025-02-16
O01919,C340,2025-05-22
O01920,C169,2025-06-24
O01921,C458,2026-01-02
O01922,C490,2026-03-25
O01923,C138,2026-09-29
O01924,C191,2025-04-06
O01925,C094,2025-12-17
O01926,C206,2025-04-27
O01927,C493,2026-02-14
O01928,C140,2026-04-13
O01929,C354,2026-01-30
O01930,C410,2026-05-05
O01931,C333,2026-03-08
O01932,C058,2025-06-20
O01933,C357,2025-05-16
O01934,C483,2025-03-02
O01935,C054,2025-06-13
O01936,C467,2026-03-03
O01937,C248,2026-08-28
O01938,C348,2026-08-06
O01939,C093,2026-03-25
O01940,C195,2026-09-18
O01941,C314,2026-01-03
O01942,C442,2025-01-30
O01943,C248,2025-05-14
O01944,C058,2026-05-15
O01945,C226,2026-02-26
O01946,C033,2025-02-17
O01947,C336,2025-09-25
O01948,C007,2025-11-18
O01949,C393,2026-06-22
O01950,C371,2026-08-14
O01951,C115,2026-08-02
O01952,C266,2025-12-13
O01953,C353,2026-06-20
O01954,C049,2026-09-26
O01955,C339,2026-03-20
O01956,C247,2025-09-12
O01957,C340,2025-12-21
O01958,C077,2026-01-30
O01959,C457,2026-07-26
O01960,C028,2026-09-20
O01961,C330,2025-01-12
O01962,C259,2025-06-10
O01963,C437,2026-04-26
O01964,C446,2026-05-23
O01965,C039,2025-06-19
O01966,C165,2026-05-19
O01967,C170,2025-09-04
O01968,C026,2025-10-12
O01969,C115,2026-06-04
O01970,C330,2026-07-18
O01971,C207,2026-01-23
O01972,C041,2025-08-29
O01973,C228,2026-04-16
O01974,C230,2026-08-10
O01975,C439,2025-04-01
O01976,C229,2026-05-26
O01977,C061,2025-11-20
O01978,C382,2026-05-25
O01979,C053,2025-01-19
O01980,C212,2026-02-18
O01981,C286,2025-02-06
O01982,C001,2026-07-17
O01983,C406,2025-04-04
O01984,C494,2026-09-11
O01985,C327,2026-09-26
O01986,C456,2025-11-08
O01987,C288,2026-06-05
O01988,C336,2025-07-31
O01989,C487,2026-04-13
O01990,C187,2025-12-16
O01991,C419,2025-02-25
O01992,C433,2025-08-17
O01993,C170,2026-04-11
O01994,C393,2026-07-28
O01995,C308,2026-09-27
O01996,C367,2026-04-30
O01997,C367,2026-01-08
O01998,C059,2026-04-09
O01999,C389,2025-04-10
O02000,C002,2025-08-16
O02001,C182,2025-12-16
O02002,C281,2025-10-26
O02003,C192,2026-06-19
O02004,C024,2025-04-19
O02005,C253,2025-06-18
O02006,C421,2025-05-24
O02007,C055,2026-02-24
O02008,C313,2025-09-18
O02009,C097,2025-07-20
O02010,C477,2025-05-04
O02011,C111,2026-02-07
O02012,C423,2026-04-14
O02013,C367,2025-07-15
O02014,C056,2025-12-13
O02015,C024,2026-03-01
O02016,C064,2026-08-26
O02017,C235,2026-04-07
O02018,C490,2026-08-27
O02019,C069,2026-06-01
O02020,C003,2026-05-26
O02021,C377,2026-06-28
O02022,C284,2025-02-19
O02023,C430,2026-03-20
O02024,C248,2026-08-23
O02025,C400,2026-06-05
O02026,C355,2025-07-01
O02027,C089,2026-08-16
O02028,C054,2025-05-12
O02029,C337,2026-02-01
O02030,C311,2026-09-07
O02031,C259,2025-11-26
O02032,C215,2026-01-29
O02033,C469,2026-09-16
O02034,C141,2025-09-12
O02035,C494,2026-02-12
O02036,C497,2025-12-18
O02037,C232,2025-10-29
O02038,C071,2025-05-17
O02039,C309,2026-02-27
O02040,C154,2026-06-09
O02041,C441,2026-07-15
O02042,C365,2025-11-18
O02043,C324,2026-07-21
O02044,C103,2025-08-11
O02045,C320,2025-08-03
O02046,C352,2025-10-25
O02047,C472,2025-12-20
O02048,C364,2025-05-16
O02049,C258,2025-07-02
O02050,C356,2026-07-10
O02051,C364,2025-11-27
O02052,C390,2025-04-29
O02053,C288,2025-12-27
O02054,C299,2026-05-07
O02055,C483,2026-08-08
O02056,C346,2026-03-04
O02057,C147,2026-07-01
O02058,C414,2026-03-09
O02059,C268,2025-01-14
O02060,C013,2025-04-20
O02061,C075,2026-01-26
O02062,C344,2025-02-24
O02063,C103,2025-02-27
O02064,C385,2025-10-01
O02065,C147,2025-06-14
O02066,C075,2025-09-14
O02067,C354,2025-03-05
O02068,C105,2025-10-30
O02069,C017,2026-07-09
O02070,C417,2026-01-03
O02071,C053,2026-04-09
O02072,C445,2026-09-23
O02073,C443,2026-07-30
O02074,C381,2025-08-18
O02075,C200,2026-07-29
O02076,C262,2025-09-01
O02077,C355,2025-10-22
O02078,C475,2025-02-18
O02079,C199,2026-01-26
O02080,C490,2026-03-03
O02081,C495,2025-11-17
O02082,C028,2026-07-20
O02083,C381,2025-01-14
O02084,C104,2025-09-15
O02085,C445,2026-09-28
O02086,C425,2026-03-30
O02087,C467,2025-08-19
O02088,C387,2026-01-12
O02089,C280,2026-08-26
O02090,C101,2026-09-10
O02091,C151,2025-07-18
O02092,C091,2026-04-05
O02093,C096,2025-03-18
O02094,C377,2025-06-27
O02095,C062,2026-06-11
O02096,C021,2026-01-22
O02097,C143,2026-03-15
O02098,C136,2026-07-24
O02099,C083,2025-05-14
O02100,C434,2026-08-22
O02101,C003,2025-09-19
O02102,C239,2025-12-05
O02103,C021,2025-06-08
O02104,C476,2025-06-07
O02105,C306,2025-11-27
O02106,C397,2025-02-22
O02107,C432,2026-09-23
O02108,C252,2025-11-05
O02109,C282,2026-08-10
O02110,C038,2026-01-02
O02111,C270,2025-11-22
O02112,C490,2025-08-14
O02113,C267,2025-07-08
O02114,C403,2025-03-11
O02115,C082,2026-06-02
O02116,C279,2026-03-02
O02117,C207,2026-07-04
O02118,C179,2025-04-05
O02119,C453,2025-08-15
O02120,C340,2025-08-07
O02121,C170,2025-12-06
O02122,C151,2026-01-05
O02123,C487,2025-08-12
O02124,C272,2026-09-26
O02125,C288,2026-05-02
O02126,C059,2025-01-10
O02127,C229,2025-12-21
O02128,C464,2025-09-04
O02129,C471,2026-09-21
O02130,C125,2026-09-29
O02131,C350,2025-02-10
O02132,C196,2025-11-25
O02133,C198,2025-04-27
O02134,C277,2025-09-20
O02135,C013,2025-10-17
O02136,C421,2026-06-14
O02137,C264,2026-01-19
O02138,C229,2026-06-05
O02139,C023,2026-05-14
O02140,C460,2025-10-31
O02141,C165,2025-07-17
O02142,C043,2026-06-11
O02143,C086,2025-04-09
O02144,C274,2026-07-05
O02145,C321,2025-01-08
O02146,C108,2025-03-09
O02147,C443,2025-08-07
O02148,C428,2026-03-11
O02149,C106,2025-04-17
O02150,C425,2026-07-05
O02151,C332,2026-03-22
O02152,C383,2025-03-15
O02153,C013,2025-06-07
O02154,C368,2026-04-16
O02155,C020,2025-12-06
O02156,C038,2025-03-31
O02157,C092,2025-02-25
O02158,C286,2025-09-15
O02159,C295,2025-03-14
O02160,C467,2025-08-22
O02161,C209,2025-09-22
O02162,C231,2026-02-02
O02163,C222,2026-02-19
O02164,C009,2025-11-20
O02165,C345,2026-02-03
O02166,C274,2025-05-02
O02167,C329,2025-01-07
O02168,C033,2026-09-26
O02169,C024,2026-08-23
O02170,C184,2025-03-16
O02171,C055,2026-05-30
O02172,C403,2025-10-24
O02173,C311,2025-11-05
O02174,C145,2025-03-30
O02175,C196,2026-03-25
O02176,C421,2026-02-09
O02177,C243,2025-02-01
O02178,C274,2025-06-10
O02179,C070,2025-08-14
O02180,C408,2026-02-05
O02181,C152,2026-07-13
O02182,C153,2025-05-28
O02183,C491,2026-01-18
O02184,C284,2025-01-12
O02185,C073,2026-07-23
O02186,C022,2025-05-07
O02187,C294,2025-01-06
O02188,C202,2026-09-03
O02189,C281,2026-07-05
O02190,C157,2025-03-29
O02191,C384,2025-08-04
O02192,C109,2025-12-19
O02193,C464,2026-02-27
O02194,C073,2026-06-09
O02195,C095,2025-06-14
O02196,C316,2025-08-15
O02197,C100,2025-09-16
O02198,C093,2025-04-28
O02199,C437,2026-08-04
O02200,C436,2025-02-25
O02201,C237,2026-07-17
O02202,C038,2026-07-17
O02203,C344,2025-10-25
O02204,C129,2025-03-10
O02205,C102,2025-04-11
O02206,C250,2026-08-18
O02207,C183,2025-12-05
O02208,C344,2025-05-12
O02209,C052,2025-08-29
O02210,C318,2025-10-19
O02211,C461,2025-03-13
O02212,C163,2025-07-18
O02213,C231,2026-05-13
O02214,C316,2025-12-03
O02215,C356,2025-11-10
O02216,C079,2026-08-22
O02217,C291,2026-08-03
O02218,C414,2026-01-09
O02219,C491,2025-11-20
O02220,C087,2026-03-15
O02221,C161,2025-01-05
O02222,C403,2025-09-10
O02223,C365,2025-08-15
O02224,C142,2026-03-23
O02225,C069,2026-01-04
O02226,C450,2025-12-06
O02227,C237,2026-05-07
O02228,C184,2026-04-02
O02229,C250,2025-11-09
O02230,C056,2026-07-19
O02231,C331,2025-06-29
O02232,C042,2026-09-14
O02233,C440,2025-10-15
O02234,C457,2025-05-24
O02235,C101,2026-07-06
O02236,C376,2025-09-27
O02237,C373,2025-03-20
O02238,C457,2025-03-19
O02239,C435,2025-01-20
O02240,C324,2026-06-04
O02241,C417,2025-02-01
O02242,C297,2026-08-19
O02243,C394,2026-02-19
O02244,C109,2026-08-28
O02245,C283,2025-02-07
O02246,C279,2025-09-24
O02247,C242,2026-07-07
O02248,C188,2025-06-02
O02249,C115,2026-02-06
O02250,C376,2026-08-27
O02251,C069,2025-10-25
O02252,C257,2026-04-21
O02253,C047,2026-06-07
O02254,C187,2026-02-11
O02255,C006,2026-05-30
O02256,C435,2025-09-02
O02257,C351,2026-09-21
O02258,C388,2025-06-19
O02259,C072,2026-06-11
O02260,C082,2026-04-02
O02261,C290,2025-07-03
O02262,C338,2026-08-03
O02263,C377,2025-05-30
O02264,C481,2026-05-11
O02265,C021,2026-01-03
O02266,C390,2025-08-13
O02267,C119,2026-05-15
O02268,C136,2025-03-06
O02269,C120,2026-01-14
O02270,C343,2025-02-13
O02271,C266,2025-07-31
O02272,C199,2026-01-05
O02273,C470,2026-04-26
O02274,C452,2026-04-11
O02275,C021,2025-02-17
O02276,C053,2025-11-28
O02277,C325,2026-06-18
O02278,C428,2025-10-08
O02279,C297,2025-09-27
O02280,C292,2026-07-12
O02281,C193,2025-06-28
O02282,C188,2026-01-23
O02283,C335,2026-08-25
O02284,C265,2025-03-21
O02285,C193,2025-09-15
O02286,C265,2025-08-17
O02287,C181,2026-02-20
O02288,C250,2025-12-20
O02289,C455,2026-05-09
O02290,C004,2026-09-11
O02291,C452,2026-05-29
O02292,C226,2025-05-23
O02293,C118,2025-06-19
O02294,C264,2025-03-20
O02295,C109,2025-10-15
O02296,C096,2025-06-03
O02297,C186,2025-06-11
O02298,C368,2026-09-09
O02299,C339,2025-05-02
O02300,C213,2025-08-24
O02301,C369,2025-12-05
O02302,C247,2025-04-27
O02303,C246,2026-05-06
O02304,C303,2025-08-04
O02305,C332,2025-06-15
O02306,C012,2026-02-25
O02307,C023,2025-09-07
O02308,C294,2025-05-11
O02309,C083,2026-08-30
O02310,C323,2025-05-18
O02311,C021,2026-06-09
O02312,C076,2026-08-10
O02313,C086,2025-02-27
O02314,C473,2025-09-22
O02315,C265,2025-07-04
O02316,C307,2026-02-20
O02317,C327,2026-08-01
O02318,C450,2025-01-20
O02319,C485,2025-10-18
O02320,C111,2025-03-29
O02321,C311,2026-04-05
O02322,C445,2026-04-28
O02323,C088,2026-05-09
O02324,C426,2025-08-13
O02325,C308,2026-02-25
O02326,C407,2025-05-27
O02327,C421,2026-08-20
O02328,C320,2025-07-06
O02329,C136,2026-06-08
O02330,C371,2025-06-21
O02331,C473,2025-12-17
O02332,C306,2026-04-10
O02333,C036,2026-08-28
O02334,C194,2025-08-24
O02335,C068,2026-01-30
O02336,C009,2025-04-22
O02337,C268,2025-07-27
O02338,C351,2026-06-01
O02339,C424,2026-03-06
O02340,C311,2025-06-03
O02341,C091,2025-04-09
O02342,C462,2026-05-03
O02343,C308,2026-09-22
O02344,C450,2025-02-09
O02345,C258,2026-06-29
O02346,C048,2025-05-01
O02347,C338,2026-05-09
O02348,C462,2025-05-14
O02349,C277,2026-09-10
O02350,C460,2025-01-02
O02351,C268,2026-03-18
O02352,C190,2026-03-07
O02353,C358,2025-02-14
O02354,C220,2026-06-27
O02355,C481,2025-08-23
O02356,C405,2026-05-09
O02357,C180,2026-01-26
O02358,C412,2026-08-27
O02359,C051,2026-08-13
O02360,C069,2026-03-12
O02361,C245,2025-09-18
O02362,C466,2025-08-27
O02363,C146,2025-03-27
O02364,C449,2026-09-05
O02365,C210,2026-07-11
O02366,C097,2025-09-21
O02367,C364,2025-01-06
O02368,C296,2025-01-08
O02369,C061,2026-06-20
O02370,C004,2026-06-17
O02371,C336,2026-01-20
O02372,C353,2025-07-30
O02373,C210,2025-11-20
O02374,C055,2026-01-06
O02375,C219,2025-06-08
O02376,C130,2026-08-23
O02377,C438,2025-09-25
O02378,C217,2026-07-03
O02379,C188,2026-08-02
O02380,C142,2026-09-19
O02381,C387,2026-02-11
O02382,C212,2025-07-28
O02383,C402,2026-07-20
O02384,C248,2026-07-25
O02385,C190,2025-07-03
O02386,C285,2026-07-27
O02387,C130,2026-05-11
O02388,C296,2025-11-11
O02389,C397,2025-12-19
O02390,C377,2026-02-12
O02391,C438,2025-05-22
O02392,C383,2025-05-02
O02393,C229,2025-08-24
O02394,C052,2025-06-15
O02395,C261,2025-08-08
O02396,C403,2026-02-15
O02397,C411,2025-12-13
O02398,C315,2026-07-18
O02399,C083,2025-02-23
O02400,C494,2026-02-03
O02401,C412,2025-01-06
O02402,C422,2025-04-04
O02403,C242,2025-05-29
O02404,C223,2026-09-07
O02405,C033,2025-04-01
O02406,C114,2025-09-27
O02407,C041,2026-01-15
O02408,C020,2026-09-16
O02409,C477,2026-01-29
O02410,C315,2026-02-15
O02411,C147,2026-06-18
O02412,C030,2026-09-04
O02413,C328,2025-06-29
O02414,C225,2026-05-22
O02415,C104,2025-01-11
O02416,C147,2026-06-15
O02417,C018,2025-07-19
O02418,C262,2026-09-06
O02419,C358,2026-06-13
O02420,C315,2025-08-26
O02421,C346,2025-06-23
O02422,C185,2025-02-06
O02423,C336,2025-09-02
O02424,C500,2025-01-01
O02425,C045,2025-06-11
O02426,C400,2025-10-10
O02427,C181,2026-02-14
O02428,C208,2026-02-09
O02429,C103,2026-08-24
O02430,C008,2026-06-15
O02431,C471,2025-03-12
O02432,C282,2025-04-03
O02433,C372,2025-10-19
O02434,C469,2026-07-27
O02435,C179,2026-08-20
O02436,C494,2025-12-22
O02437,C116,2025-10-11
O02438,C494,2026-09-13
O02439,C233,2025-07-19
O02440,C295,2026-02-18
O02441,C134,2025-01-05
O02442,C209,2025-06-29
O02443,C055,2026-06-03
O02444,C038,2026-07-27
O02445,C151,2026-05-31
O02446,C485,2025-12-15
O02447,C412,2025-04-30
O02448,C490,2026-06-10
O02449,C449,2025-09-21
O02450,C417,2026-07-05
O02451,C129,2026-08-12
O02452,C495,2026-03-30
O02453,C289,2026-01-22
O02454,C395,2026-05-11
O02455,C388,2025-09-07
O02456,C493,2025-12-14
O02457,C349,2026-04-15
O02458,C460,2026-04-17
O02459,C442,2026-08-24
O02460,C247,2025-01-29
O02461,C133,2025-04-30
O02462,C196,2025-03-11
O02463,C347,2025-08-14
O02464,C410,2025-08-24
O02465,C212,2025-11-20
O02466,C265,2025-12-28
O02467,C005,2026-07-03
O02468,C128,2025-09-27
O02469,C048,2025-10-22
O02470,C345,2026-02-13
O02471,C039,2025-12-17
O02472,C477,2026-07-22
O02473,C244,2025-07-02
O02474,C182,2025-11-18
O02475,C458,2025-08-12
O02476,C138,2026-08-11
O02477,C485,2025-07-07
O02478,C256,2025-07-14
O02479,C121,2025-07-24
O02480,C447,2025-09-05
O02481,C106,2025-09-29
O02482,C104,2025-08-23
O02483,C429,2025-09-13
O02484,C183,2026-09-26
O02485,C399,2025-06-09
O02486,C062,2025-04-20
O02487,C347,2025-03-22
O02488,C315,2026-05-20
O02489,C392,2025-01-07
O02490,C491,2026-07-09
O02491,C435,2025-02-13
O02492,C191,2026-05-09
O02493,C162,2026-09-28
O02494,C460,2026-05-20
O02495,C445,2026-08-12
O02496,C252,2025-10-09
O02497,C392,2025-07-07
O02498,C144,2026-06-08
O02499,C114,2026-02-12
O02500,C066,2026-08-14
O02501,C270,2025-02-25
O02502,C245,2026-03-10
O02503,C017,2026-07-08
O02504,C178,2026-05-30
O02505,C441,2026-02-08
O02506,C235,2025-06-28
O02507,C358,2025-05-04
O02508,C236,2026-06-15
O02509,C353,2025-11-20
O02510,C007,2025-01-09
O02511,C195,2025-08-04
O02512,C052,2026-08-18
O02513,C186,2025-11-30
O02514,C442,2026-09-20
O02515,C096,2025-09-23
O02516,C135,2026-07-16
O02517,C138,2025-08-31
O02518,C491,2026-04-28
O02519,C176,2026-09-20
O02520,C095,2026-01-10
O02521,C218,2026-05-26
O02522,C215,2025-08-04
O02523,C187,2026-01-17
O02524,C144,2026-02-15
O02525,C093,2026-04-07
O02526,C068,2026-08-09
O02527,C352,2026-08-13
O02528,C417,2025-08-23
O02529,C370,2025-04-13
O02530,C412,2025-10-04
O02531,C285,2025-08-30
O02532,C439,2026-03-19
O02533,C101,2026-01-26
O02534,C410,2025-05-30
O02535,C243,2025-06-03
O02536,C091,2025-01-10
O02537,C256,2026-03-08
O02538,C458,2025-05-18
O02539,C274,2026-06-14
O02540,C403,2025-11-20
O02541,C154,2026-05-14
O02542,C288,2025-09-14
O02543,C025,2026-08-05
O02544,C051,2026-02-12
O02545,C031,2025-06-17
O02546,C417,2025-08-09
O02547,C244,2025-09-18
O02548,C231,2025-04-09
O02549,C134,2025-12-09
O02550,C185,2026-01-05
O02551,C286,2026-07-28
O02552,C177,2025-09-21
O02553,C211,2025-01-21
O02554,C180,2025-05-05
O02555,C102,2026-09-13
O02556,C295,2026-08-14
O02557,C090,2026-07-06
O02558,C182,2025-10-19
O02559,C345,2025-11-29
O02560,C250,2026-06-07
O02561,C456,2026-04-03
O02562,C196,2025-03-22
O02563,C147,2026-09-21
O02564,C324,2026-04-20
O02565,C445,2025-05-29
O02566,C328,2025-06-21
O02567,C216,2025-12-12
O02568,C293,2026-09-20
O02569,C435,2026-02-19
O02570,C041,2025-03-15
O02571,C176,2025-06-15
O02572,C161,2025-08-22
O02573,C335,2025-11-21
O02574,C364,2025-10-26
O02575,C310,2025-10-01
O02576,C139,2026-02-09
O02577,C400,2026-04-01
O02578,C383,2026-01-07
O02579,C267,2026-08-25
O02580,C212,2026-04-07
O02581,C095,2025-06-21
O02582,C065,2025-01-24
O02583,C339,2025-08-29
O02584,C482,2025-09-15
O02585,C108,2025-03-23
O02586,C204,2025-06-20
O02587,C049,2025-04-16
O02588,C480,2025-03-07
O02589,C281,2026-04-30
O02590,C014,2025-02-25
O02591,C269,2026-02-11
O02592,C054,2025-03-27
O02593,C317,2025-09-26
O02594,C044,2025-06-09
O02595,C159,2026-02-04
O02596,C127,2025-08-23
O02597,C227,2025-10-18
O02598,C068,2025-05-10
O02599,C430,2026-06-24
O02600,C015,2025-06-24
O02601,C340,2025-02-05
O02602,C441,2026-01-01
O02603,C443,2025-11-30
O02604,C240,2026-05-03
O02605,C479,2026-07-08
O02606,C281,2025-10-06
O02607,C070,2026-04-01
O02608,C091,2026-07-07
O02609,C306,2026-08-29
O02610,C324,2026-04-13
O02611,C223,2026-08-01
O02612,C328,2026-06-21
O02613,C159,2026-07-01
O02614,C247,2025-12-22
O02615,C117,2026-07-07
O02616,C227,2025-04-02
O02617,C188,2025-11-12
O02618,C134,2026-02-27
O02619,C156,2025-06-09
O02620,C001,2025-01-11
O02621,C418,2026-06-20
O02622,C177,2025-05-20
O02623,C241,2025-10-21
O02624,C005,2026-07-02
O02625,C485,2026-05-19
O02626,C154,2026-05-04
O02627,C393,2025-01-10
O02628,C409,2026-03-17
O02629,C306,2025-10-27
O02630,C408,2025-08-25
O02631,C281,2025-01-08
O02632,C097,2026-01-18
O02633,C452,2026-02-26
O02634,C224,2026-07-29
O02635,C128,2026-02-09
O02636,C367,2025-06-17
O02637,C425,2026-02-04
O02638,C113,2026-01-23
O02639,C041,2025-09-27
O02640,C321,2026-03-09
O02641,C265,2025-09-03
O02642,C414,2026-09-20
O02643,C146,2025-10-06
O02644,C415,2026-06-29
O02645,C212,2025-10-03
O02646,C437,2025-07-12
O02647,C094,2025-03-12
O02648,C149,2025-05-20
O02649,C327,2025-04-24
O02650,C317,2026-04-12
O02651,C140,2026-04-09
O02652,C252,2026-09-30
O02653,C165,2025-07-12
O02654,C078,2025-01-20
O02655,C497,2025-02-20
O02656,C012,2026-07-02
O02657,C498,2025-07-10
O02658,C145,2025-04-15
O02659,C065,2025-10-03
O02660,C373,2026-03-25
O02661,C120,2025-01-09
O02662,C078,2025-04-03
O02663,C253,2025-01-16
O02664,C176,2025-08-11
O02665,C160,2026-03-07
O02666,C191,2026-05-26
O02667,C357,2026-04-20
O02668,C170,2025-02-02
O02669,C432,2025-03-24
O02670,C029,2025-05-30
O02671,C398,2025-09-30
O02672,C037,2026-02-06
O02673,C241,2026-07-11
O02674,C099,2025-07-05
O02675,C419,2025-09-14
O02676,C425,2026-01-26
O02677,C063,2025-01-13
O02678,C198,2025-09-12
O02679,C127,2026-03-30
O02680,C102,2025-02-04
O02681,C377,2026-04-17
O02682,C267,2025-04-07
O02683,C243,2025-08-02
O02684,C349,2026-02-03
O02685,C480,2025-11-16
O02686,C082,2025-11-27
O02687,C382,2025-02-13
O02688,C267,2026-07-17
O02689,C130,2025-05-06
O02690,C327,2026-05-08
O02691,C102,2025-11-02
O02692,C455,2026-01-05
O02693,C443,2025-02-23
O02694,C499,2025-08-12
O02695,C121,2025-04-26
O02696,C167,2026-03-21
O02697,C086,2025-01-16
O02698,C300,2025-10-10
O02699,C203,2025-05-03
O02700,C005,2025-09-06
O02701,C298,2025-02-13
O02702,C353,2026-05-02
O02703,C080,2026-09-03
O02704,C395,2026-01-16
O02705,C128,2025-04-02
O02706,C256,2025-06-11
O02707,C352,2025-04-04
O02708,C174,2026-09-26
O02709,C031,2025-03-03
O02710,C331,2025-12-31
O02711,C360,2025-06-07
O02712,C406,2026-07-04
O02713,C065,2025-04-20
O02714,C120,2026-05-15
O02715,C286,2025-11-21
O02716,C413,2025-12-22
O02717,C376,2026-03-26
O02718,C011,2025-07-17
O02719,C184,2026-01-22
O02720,C129,2025-05-18
O02721,C249,2025-02-10
O02722,C287,2026-03-25
O02723,C278,2025-10-29
O02724,C098,2026-05-17
O02725,C096,2026-08-04
O02726,C179,2026-07-11
O02727,C375,2025-11-28
O02728,C141,2026-04-25
O02729,C469,2026-09-06
O02730,C083,2026-07-22
O02731,C272,2025-03-12
O02732,C231,2025-06-08
O02733,C420,2025-10-30
O02734,C278,2025-09-27
O02735,C233,2026-01-11
O02736,C398,2025-01-01
O02737,C195,2026-06-03
O02738,C453,2025-07-09
O02739,C318,2025-01-20
O02740,C398,2026-01-08
O02741,C123,2026-09-28
O02742,C370,2025-11-25
O02743,C338,2025-03-06
O02744,C420,2026-07-06
O02745,C098,2026-02-01
O02746,C350,2026-06-21
O02747,C393,2026-05-25
O02748,C079,2026-07-19
O02749,C145,2026-09-20
O02750,C210,2025-11-27
O02751,C057,2025-11-26
O02752,C268,2025-04-09
O02753,C023,2025-03-10
O02754,C092,2025-05-13
O02755,C104,2025-02-02
O02756,C249,2025-04-20
O02757,C051,2025-07-16
O02758,C293,2025-02-02
O02759,C337,2026-02-02
O02760,C270,2026-05-17
O02761,C132,2026-08-28
O02762,C188,2025-02-20
O02763,C311,2025-08-15
O02764,C007,2025-03-14
O02765,C336,2025-08-02
O02766,C476,2026-05-19
O02767,C240,2025-03-23
O02768,C185,2025-03-04
O02769,C381,2026-07-26
O02770,C421,2026-03-02
O02771,C407,2026-01-13
O02772,C422,2025-03-01
O02773,C137,2026-09-24
O02774,C021,2026-06-26
O02775,C428,2025-03-14
O02776,C040,2025-11-08
O02777,C492,2025-08-10
O02778,C050,2026-06-16
O02779,C372,2025-04-14
O02780,C273,2025-08-25
O02781,C098,2026-01-30
O02782,C270,2025-07-17
O02783,C292,2025-09-12
O02784,C286,2025-07-03
O02785,C213,2026-07-26
O02786,C393,2025-04-19
O02787,C184,2026-08-14
O02788,C360,2026-04-15
O02789,C453,2026-03-14
O02790,C086,2025-04-17
O02791,C282,2025-07-04
O02792,C259,2026-02-16
O02793,C337,2025-12-12
O02794,C274,2025-06-11
O02795,C227,2026-09-07
O02796,C463,2025-12-27
O02797,C282,2025-11-19
O02798,C433,2025-11-29
O02799,C212,2026-01-16
O02800,C423,2026-03-17
O02801,C312,2025-11-28
O02802,C289,2025-09-04
O02803,C110,2026-07-13
O02804,C393,2026-01-20
O02805,C475,2026-07-18
O02806,C185,2025-09-18
O02807,C230,2026-04-09
O02808,C001,2026-02-11
O02809,C146,2025-02-05
O02810,C009,2026-09-03
O02811,C070,2026-06-15
O02812,C004,2025-11-06
O02813,C114,2025-11-04
O02814,C439,2025-08-08
O02815,C012,2025-11-19
O02816,C471,2025-10-10
O02817,C262,2026-07-21
O02818,C293,2026-07-24
O02819,C080,2026-08-09
O02820,C020,2025-04-07
O02821,C183,2026-04-17
O02822,C071,2025-06-09
O02823,C188,2025-09-29
O02824,C128,2026-08-20
O02825,C132,2025-08-27
O02826,C048,2025-11-04
O02827,C205,2026-08-08
O02828,C470,2026-08-06
O02829,C376,2025-08-11
O02830,C371,2025-03-21
O02831,C406,2025-11-29
O02832,C089,2026-05-10
O02833,C423,2026-05-15
O02834,C420,2026-08-14
O02835,C305,2025-04-08
O02836,C020,2025-11-04
O02837,C196,2026-08-14
O02838,C400,2025-03-22
O02839,C472,2025-02-27
O02840,C179,2025-12-09
O02841,C214,2026-03-21
O02842,C446,2025-05-04
O02843,C383,2025-08-21
O02844,C476,2026-09-09
O02845,C325,2025-01-12
O02846,C028,2026-01-27
O02847,C269,2025-11-09
O02848,C164,2025-02-12
O02849,C290,2026-07-07
O02850,C168,2025-06-03
O02851,C358,2026-05-30
O02852,C079,2025-08-15
O02853,C345,2025-02-21
O02854,C498,2026-02-07
O02855,C386,2026-04-02
O02856,C295,2026-09-02
O02857,C047,2026-06-01
O02858,C222,2025-08-16
O02859,C403,2025-10-24
O02860,C076,2026-02-08
O02861,C173,2025-05-16
O02862,C244,2025-03-26
O02863,C382,2026-08-09
O02864,C281,2025-02-20
O02865,C135,2026-02-13
O02866,C205,2025-03-29
O02867,C223,2026-05-29
O02868,C391,2025-05-14
O02869,C247,2025-05-19
O02870,C102,2026-07-27
O02871,C203,2026-05-15
O02872,C101,2026-08-09
O02873,C316,2026-07-29
O02874,C127,2026-06-21
O02875,C037,2025-09-06
O02876,C398,2025-09-30
O02877,C166,2026-03-17
O02878,C046,2026-08-13
O02879,C344,2025-04-26
O02880,C217,2026-02-28
O02881,C179,2026-01-10
O02882,C165,2025-07-15
O02883,C305,2025-12-19
O02884,C395,2025-01-25
O02885,C087,2025-11-09
O02886,C316,2025-12-25
O02887,C320,2026-03-29
O02888,C226,2025-05-30
O02889,C474,2025-02-15
O02890,C103,2025-08-28
O02891,C080,2026-01-18
O02892,C058,2025-03-29
O02893,C125,2025-02-25
O02894,C475,2026-09-28
O02895,C445,2025-06-01
O02896,C008,2025-10-22
O02897,C356,2025-12-18
O02898,C157,2025-04-24
O02899,C242,2026-04-06
O02900,C170,2025-01-24
O02901,C379,2025-08-03
O02902,C109,2026-07-05
O02903,C280,2025-07-28
O02904,C385,2026-06-20
O02905,C281,2025-09-22
O02906,C319,2026-05-10
O02907,C356,2025-05-25
O02908,C193,2025-01-19
O02909,C464,2026-08-20
O02910,C023,2026-06-24
O02911,C088,2025-09-19
O02912,C146,2025-03-03
O02913,C405,2025-07-25
O02914,C139,2026-09-25
O02915,C239,2025-02-24
O02916,C035,2025-01-09
O02917,C339,2026-02-02
O02918,C340,2025-10-05
O02919,C443,2026-01-04
O02920,C010,2025-04-21
O02921,C445,2025-10-27
O02922,C119,2026-01-31
O02923,C261,2026-01-25
O02924,C463,2025-04-12
O02925,C249,2025-11-20
O02926,C273,2026-09-04
O02927,C096,2025-04-01
O02928,C257,2025-07-23
O02929,C288,2026-04-14
O02930,C021,2025-01-23
O02931,C473,2025-09-11
O02932,C157,2026-06-27
O02933,C251,2025-12-08
O02934,C382,2026-02-07
O02935,C010,2025-06-10
O02936,C351,2025-12-22
O02937,C182,2025-12-27
O02938,C121,2025-11-06
O02939,C142,2026-05-29
O02940,C321,2025-03-05
O02941,C450,2025-09-21
O02942,C456,2026-02-01
O02943,C484,2025-01-31
O02944,C486,2026-07-23
O02945,C116,2025-10-14
O02946,C175,2025-06-05
O02947,C337,2026-02-07
O02948,C045,2025-05-21
O02949,C267,2026-01-27
O02950,C447,2026-09-20
O02951,C214,2025-08-21
O02952,C294,2025-09-04
O02953,C219,2025-06-06
O02954,C466,2025-11-16
O02955,C169,2026-09-12
O02956,C278,2026-04-05
O02957,C106,2025-05-15
O02958,C298,2025-05-22
O02959,C351,2026-07-09
O02960,C442,2025-07-27
O02961,C159,2025-05-22
O02962,C466,2026-06-21
O02963,C221,2025-05-19
O02964,C336,2025-05-29
O02965,C470,2026-08-02
O02966,C163,2025-06-11
O02967,C286,2025-03-11
O02968,C486,2026-06-30
O02969,C095,2025-05-02
O02970,C430,2025-11-22
O02971,C373,2025-05-30
O02972,C392,2025-01-31
O02973,C451,2025-11-23
O02974,C493,2026-02-28
O02975,C156,2026-02-26
O02976,C382,2026-03-30
O02977,C078,2025-10-08
O02978,C055,2025-07-12
O02979,C095,2025-05-15
O02980,C391,2025-01-27
O02981,C316,2026-09-19
O02982,C311,2025-10-01
O02983,C314,2026-08-04
O02984,C306,2025-08-25
O02985,C119,2025-08-26
O02986,C184,2025-01-27
O02987,C353,2025-03-23
O02988,C069,2026-05-04
O02989,C434,2026-05-30
O02990,C241,2026-09-12
O02991,C095,2026-01-18
O02992,C252,2026-02-01
O02993,C071,2026-05-01
O02994,C099,2025-06-17
O02995,C017,2025-08-20
O02996,C392,2026-02-23
O02997,C474,2025-01-16
O02998,C487,2025-10-04
O02999,C114,2026-02-27
O03000,C388,2025-07-27
